"id. Response ID","submitdate. Date submitted","lastpage. Last page","startlanguage. Start language","seed. Seed","startdate. Date started","datestamp. Date last action","G01Q39. Whenever you are ready to start, click on next","G02Q40. sample","G02Q01. Imagine you were at point 1 and had to reach point 2 by hiking. Which route would you take? Please rank the routes.       ","G02Q02. Why did you make this decision?","G03Q01. It is late afternoon and you have been hiking the whole day. Right now, you are at point 1. You are trying to reach point 2, a hut where you will sleep tonight. What route would you take? Please rank them.   ","G03Q02. Why did you make this decision?","G03Q03. How hard was this task for you (1-5)? (1 = very easy, 5 = very hard)","G04Q01. It is late afternoon and you have been hiking the whole day. Right now, you are at point 1. You are trying to reach point 2, a hut where you will sleep tonight.  What route would you take?  Please rank the routes.    ","G04Q02. Why did you make this decision?","G04Q03. How hard was this task for you (1-5)? (1 = very easy, 5 = very hard)","G05Q01. It is late afternoon and you have been hiking the whole day. Right now, you are at point 1. You are trying to reach point 2, a hut where you will sleep tonight.  What route would you take?  Please rank the routes.    ","G05Q02. Why did you make this decision?","G05Q03. How hard was this task for you (1-5)? (1 = very easy, 5 = very hard)","G06Q01. It is late afternoon and you have been hiking the whole day. Right now, you are at point 1. You are trying to reach point 2, a hut where you will sleep tonight.  What route would you take?  Please rank the routes.    ","G06Q02. Why did you make this decision?","G06Q03. How hard was this task for you (1-5)? (1 = very easy, 5 = very hard)","G07Q01. It is late afternoon and you have been hiking the whole day. Right now, you are at point 1. You are trying to reach point 2, a hut where you will sleep tonight.  What route would you take?  Please rank the routes.    ","G07Q02. Why did you make this decision?","G07Q03. How hard was this task for you (1-5)? (1 = very easy, 5 = very hard)","G08Q01. It is late afternoon and you have been hiking the whole day. Right now, you are at point 1. You are trying to reach point 2, a hut where you will sleep tonight.  What route would you take?  Please rank the routes.   ","G08Q02. Why did you make this decision?","G08Q03. How hard was this task for you (1-5)? (1 = very easy, 5 = very hard)","G09Q01. It is late afternoon and you have been hiking the whole day. Right now, you are at point 1. You are trying to reach point 2, a hut where you will sleep tonight.  What route would you take?  Please rank the routes.   ","G09Q02. Why did you make this decision?","G09Q03. How hard was this task for you (1-5)? (1 = very easy, 5 = very hard)","G10Q01. It is late afternoon and you have been hiking the whole day. Right now, you are at point 1. You are trying to reach point 2, a hut where you will sleep tonight.  What route would you take?  Please rank the routes.    ","G10Q02. Why did you make this decision?","G10Q03. How hard was this task for you (1-5)? (1 = very easy, 5 = very hard)","G01Q01. How old are you?","Q01Q02. How often do you spend time in the mountains (hiking, climbing, skiing, etc.)?","G01Q03. How would you describe your experience using maps? ","G01Q04[SQ001]. When you're outdoors in the mountains, how do you usually navigate? (Multiple answers are possible, comments are possible) [Paper maps]","G01Q04[SQ001comment]. When you're outdoors in the mountains, how do you usually navigate? (Multiple answers are possible, comments are possible) [Paper maps][Comment]","G01Q04[SQ002]. When you're outdoors in the mountains, how do you usually navigate? (Multiple answers are possible, comments are possible) [Digital maps (ex. phone, apps)]","G01Q04[SQ002comment]. When you're outdoors in the mountains, how do you usually navigate? (Multiple answers are possible, comments are possible) [Digital maps (ex. phone, apps)][Comment]","G01Q04[SQ003]. When you're outdoors in the mountains, how do you usually navigate? (Multiple answers are possible, comments are possible) [GPS devices (ex. Garmin)]","G01Q04[SQ003comment]. When you're outdoors in the mountains, how do you usually navigate? (Multiple answers are possible, comments are possible) [GPS devices (ex. Garmin)][Comment]","G01Q04[SQ004]. When you're outdoors in the mountains, how do you usually navigate? (Multiple answers are possible, comments are possible) [Trail signs]","G01Q04[SQ004comment]. When you're outdoors in the mountains, how do you usually navigate? (Multiple answers are possible, comments are possible) [Trail signs][Comment]","G01Q04[SQ005]. When you're outdoors in the mountains, how do you usually navigate? (Multiple answers are possible, comments are possible) [Following a guide]","G01Q04[SQ005comment]. When you're outdoors in the mountains, how do you usually navigate? (Multiple answers are possible, comments are possible) [Following a guide][Comment]","G01Q04[SQ006]. When you're outdoors in the mountains, how do you usually navigate? (Multiple answers are possible, comments are possible) [Not relevant (I am never in the mountains)]","G01Q04[SQ006comment]. When you're outdoors in the mountains, how do you usually navigate? (Multiple answers are possible, comments are possible) [Not relevant (I am never in the mountains)][Comment]","G01Q04[SQ013]. When you're outdoors in the mountains, how do you usually navigate? (Multiple answers are possible, comments are possible) [Other:]","G01Q04[SQ013comment]. When you're outdoors in the mountains, how do you usually navigate? (Multiple answers are possible, comments are possible) [Other:][Comment]","interviewtime. Total time","groupTime1857. Group time: Explanation","G01Q39Time. Question time: G01Q39","G02Q40Time. Question time: G02Q40","groupTime1848. Group time: Practice round","G02Q01Time. Question time: G02Q01","G02Q02Time. Question time: G02Q02","groupTime1850. Group time: Route ranking task","G03Q01Time. Question time: G03Q01","G03Q02Time. Question time: G03Q02","G03Q03Time. Question time: G03Q03","groupTime1852. Group time: Route ranking task","G04Q01Time. Question time: G04Q01","G04Q02Time. Question time: G04Q02","G04Q03Time. Question time: G04Q03","groupTime1854. Group time: Route ranking task","G05Q01Time. Question time: G05Q01","G05Q02Time. Question time: G05Q02","G05Q03Time. Question time: G05Q03","groupTime1856. Group time: Route ranking task","G06Q01Time. Question time: G06Q01","G06Q02Time. Question time: G06Q02","G06Q03Time. Question time: G06Q03","groupTime1851. Group time: Route ranking task","G07Q01Time. Question time: G07Q01","G07Q02Time. Question time: G07Q02","G07Q03Time. Question time: G07Q03","groupTime1853. Group time: Route ranking task","G08Q01Time. Question time: G08Q01","G08Q02Time. Question time: G08Q02","G08Q03Time. Question time: G08Q03","groupTime1855. Group time: Route ranking task","G09Q01Time. Question time: G09Q01","G09Q02Time. Question time: G09Q02","G09Q03Time. Question time: G09Q03","groupTime1849. Group time: Route ranking task","G10Q01Time. Question time: G10Q01","G10Q02Time. Question time: G10Q02","G10Q03Time. Question time: G10Q03","groupTime1847. Group time: Almost there!","G01Q01Time. Question time: G01Q01","Q01Q02Time. Question time: Q01Q02","G01Q03Time. Question time: G01Q03","G01Q04Time. Question time: G01Q04"
"1",,"2","en","521209379","2026-07-01 11:05:10","2026-07-01 11:22:26","Whenever you are ready to start, click on next",,"[]",,"[]",,,"[]",,,"[]",,,"[]",,,"[]",,,"[]",,,"[]",,,"[]",,,,,,"N/A",,"N/A",,"N/A",,"N/A",,"N/A",,"N/A",,"N/A",,"2.5",,"2.5",,,,,,,,,,,,,,,,,,,,,,,,,,,,,,,,,,,,,,,,,
"2",,"2","en","2038949010","2026-07-01 11:18:14","2026-07-01 11:18:39","Whenever you are ready to start, click on next",,"[]",,"[]",,,"[]",,,"[]",,,"[]",,,"[]",,,"[]",,,"[]",,,"[]",,,,,,"N/A",,"N/A",,"N/A",,"N/A",,"N/A",,"N/A",,"N/A",,"7.3",,"7.3",,,,,,,,,,,,,,,,,,,,,,,,,,,,,,,,,,,,,,,,,
"3",,"0","en","188606760","2026-07-01 11:18:52","2026-07-01 11:18:52","Whenever you are ready to start, click on next",,"[]",,"[]",,,"[]",,,"[]",,,"[]",,,"[]",,,"[]",,,"[]",,,"[]",,,,,,"N/A",,"N/A",,"N/A",,"N/A",,"N/A",,"N/A",,"N/A",,"0",,,,,,,,,,,,,,,,,,,,,,,,,,,,,,,,,,,,,,,,,,,
"4",,"0","en","78584981","2026-07-01 11:27:07","2026-07-01 11:27:07","Whenever you are ready to start, click on next",,"[]",,"[]",,,"[]",,,"[]",,,"[]",,,"[]",,,"[]",,,"[]",,,"[]",,,,,,"N/A",,"N/A",,"N/A",,"N/A",,"N/A",,"N/A",,"N/A",,"0",,,,,,,,,,,,,,,,,,,,,,,,,,,,,,,,,,,,,,,,,,,
"5",,"0","en","1155012181","2026-07-01 11:27:42","2026-07-01 11:27:42","Whenever you are ready to start, click on next",,"[]",,"[]",,,"[]",,,"[]",,,"[]",,,"[]",,,"[]",,,"[]",,,"[]",,,,,,"N/A",,"N/A",,"N/A",,"N/A",,"N/A",,"N/A",,"N/A",,"0",,,,,,,,,,,,,,,,,,,,,,,,,,,,,,,,,,,,,,,,,,,
"6",,"2","en","938769890","2026-07-01 11:29:19","2026-07-01 11:29:20","Whenever you are ready to start, click on next",,"[]",,"[]",,,"[]",,,"[]",,,"[]",,,"[]",,,"[]",,,"[]",,,"[]",,,,,,"N/A",,"N/A",,"N/A",,"N/A",,"N/A",,"N/A",,"N/A",,"1.85",,"1.85",,,,,,,,,,,,,,,,,,,,,,,,,,,,,,,,,,,,,,,,,
"7",,"3","en","678570309","2026-07-01 11:30:35","2026-07-01 11:30:46","Whenever you are ready to start, click on next",,"[]",,"[]",,,"[]",,,"[]",,,"[]",,,"[]",,,"[]",,,"[]",,,"[]",,,,,,"N/A",,"N/A",,"N/A",,"N/A",,"N/A",,"N/A",,"N/A",,"12.36",,"7.74",,,"4.62",,,,,,,,,,,,,,,,,,,,,,,,,,,,,,,,,,,,,,
"8",,"2","en","818435395","2026-07-01 11:33:14","2026-07-01 11:33:16","Whenever you are ready to start, click on next",,"[]",,"[]",,,"[]",,,"[]",,,"[]",,,"[]",,,"[]",,,"[]",,,"[]",,,,,,"N/A",,"N/A",,"N/A",,"N/A",,"N/A",,"N/A",,"N/A",,"2.75",,"2.75",,,,,,,,,,,,,,,,,,,,,,,,,,,,,,,,,,,,,,,,,
"9",,"13","en","1095717975","2026-07-01 11:35:32","2026-07-01 11:45:48","Whenever you are ready to start, click on next",,"[""AO03"",""AO02"",""AO01""]","Weniger Höhenmeter - Mittellanger Weg. ","[""B"",""C"",""A""]","Tiefere Lage","3","[""B"",""C"",""A""]","Kein Grat, wenig Bachüberquerungen.","3","[]",,,"[""A"",""B"",""C""]","Kürzester Weg mit den geringsten Höhenmetern.","2","[]",,,"[]",,,"[]",,,"[]",,,,,,"N/A",,"N/A",,"N/A",,"N/A",,"N/A",,"N/A",,"N/A",,"621.84",,"3.57",,,"12.54","36.45",,"43.26","8.84","5.14",,"385.13","48.41","4.16",,,,,,"46.7","20.67","6.97",,,,,,,,,,,,,,,,,,,,,
"10",,"2","en","1020434337","2026-07-01 11:38:37","2026-07-01 11:38:38","Whenever you are ready to start, click on next",,"[]",,"[]",,,"[]",,,"[]",,,"[]",,,"[]",,,"[]",,,"[]",,,"[]",,,,,,"N/A",,"N/A",,"N/A",,"N/A",,"N/A",,"N/A",,"N/A",,"1.81",,"1.81",,,,,,,,,,,,,,,,,,,,,,,,,,,,,,,,,,,,,,,,,
"11",,"0","en","1834059628","2026-07-01 11:39:18","2026-07-01 11:39:18","Whenever you are ready to start, click on next",,"[]",,"[]",,,"[]",,,"[]",,,"[]",,,"[]",,,"[]",,,"[]",,,"[]",,,,,,"N/A",,"N/A",,"N/A",,"N/A",,"N/A",,"N/A",,"N/A",,"0",,,,,,,,,,,,,,,,,,,,,,,,,,,,,,,,,,,,,,,,,,,
"12",,"3","en","546069537","2026-07-01 11:43:33","2026-07-01 11:43:37","Whenever you are ready to start, click on next",,"[]",,"[]",,,"[]",,,"[]",,,"[]",,,"[]",,,"[]",,,"[]",,,"[]",,,,,,"N/A",,"N/A",,"N/A",,"N/A",,"N/A",,"N/A",,"N/A",,"8.04",,"2.84",,,"5.2",,,,,,,,,,,,,,,,,,,,,,,,,,,,,,,,,,,,,,
"13",,"2","en","936465835","2026-07-01 11:45:14","2026-07-01 11:45:18","Whenever you are ready to start, click on next",,"[]",,"[]",,,"[]",,,"[]",,,"[]",,,"[]",,,"[]",,,"[]",,,"[]",,,,,,"N/A",,"N/A",,"N/A",,"N/A",,"N/A",,"N/A",,"N/A",,"4.55",,"4.55",,,,,,,,,,,,,,,,,,,,,,,,,,,,,,,,,,,,,,,,,
"14",,"2","en","1065594560","2026-07-01 11:49:36","2026-07-01 11:50:50","Whenever you are ready to start, click on next",,"[]",,"[]",,,"[]",,,"[]",,,"[]",,,"[]",,,"[]",,,"[]",,,"[]",,,,,,"N/A",,"N/A",,"N/A",,"N/A",,"N/A",,"N/A",,"N/A",,"74.07",,"74.07",,,,,,,,,,,,,,,,,,,,,,,,,,,,,,,,,,,,,,,,,
"15","2026-07-01 12:13:47","32","en","1829848572","2026-07-01 11:51:57","2026-07-01 12:13:47","Whenever you are ready to start, click on next",,"[""AO03"",""AO02"",""AO01""]","Because I am usually hiking with a kid, so the flatter the better, fewer problems with fall, more opportunities to play, easier on the brain","[""B"",""C"",""A""]","Just 1 climb up, rather than reaching the peak and going down again","1","[""C"",""B"",""A""]","fastest, considering that i still have enought energy to stay alert. Otherwise i would table route B and get an emergency shelter in the flat area if i do not manage the hike up. Route B would probably be my decision with a kid along. ","1","[""A"",""C"",""B""]","route A seems the most direct. Route C is way too long, and i do not want to do the final climb at the end","5","[""B"",""C"",""A""]","seems easier, i also prefer vegetative areas","1","[""C"",""B"",""A""]","I would think that there was a mistake on danger of rockfall on route B because there are no rocks around and it is in the valley, and route A which is just above, does not have any danger. So i would firstly take A, as a second option I would check out B and in case of danger cut out to A ","2","[""A"",""B"",""C""]","avoiding rock fall danger","1","[""B"",""C"",""A""]","I would take the risk because it is late in the afternoon. probably call the refugio first. Otherwise the long one","2","[""C"",""B"",""A""]","definitely uncomfortable with route A. I prefer avoiding any kind of risk","1","41-50","Often (several times per month)","I love the planning phase looking at maps","Yes","","Yes","","No","","Yes","","No","","No","","No","","1323.89",,"35.74",,,"33.01","70.53",,"31.12","21.63","3.73",,"45.15","104.59","7.52",,"90.08","447.85","8.05",,"50.62","12.92","4.21",,"37.21","83.47","4.14",,"17.89","12.87","2.96",,"36.99","33.3","4.32",,"38.13","32.15","2.93",,"6.76","7.33","16.54","20.15"
"16",,"0","en","1311623875","2026-07-01 11:53:37","2026-07-01 11:53:37","Whenever you are ready to start, click on next",,"[]",,"[]",,,"[]",,,"[]",,,"[]",,,"[]",,,"[]",,,"[]",,,"[]",,,,,,"N/A",,"N/A",,"N/A",,"N/A",,"N/A",,"N/A",,"N/A",,"0",,,,,,,,,,,,,,,,,,,,,,,,,,,,,,,,,,,,,,,,,,,
"17","2026-07-01 12:25:11","32","en","1237765701","2026-07-01 11:53:37","2026-07-01 12:25:11","Whenever you are ready to start, click on next",,"[""AO03"",""AO01"",""AO02""]","Not that much elevation change","[""B"",""C"",""A""]","Shorter , less elevation change","4","[""C"",""B"",""A""]","Less elevation change","4","[""A"",""C"",""B""]","Less elevation change","4","[""A"",""B"",""C""]","Shorter and less evaluation change","4","[""B"",""A"",""C""]","Shorter, not A because the path has many turns ","5","[""C"",""A"",""B""]","Shorter","5","[""B"",""C"",""A""]","A looks dangerous now, B is shorter than C ","4","[""A"",""B"",""C""]","Shorter, less elavation change in comparison with C","5","25-30","Often (several times per month)","Familiar with topographic maps","Yes","","Yes","","No","","Yes","","Yes","","No","","No","","1909.02",,"13.41",,,"64.91","24.32",,"216.1","16","4.53",,"160.64","18.26","8.47",,"46.69","43.19","2.44",,"111.32","9.77","4.51",,"368.33","31.83","3.97",,"444.46","10.32","5.76",,"77.69","20.01","4.55",,"74.02","48.05","6.98",,"5.47","19.93","21.28","21.81"
"18","2026-07-01 12:16:45","32","en","1745128844","2026-07-01 11:55:38","2026-07-01 12:16:45","Whenever you are ready to start, click on next",,"[""AO02"",""AO03"",""AO01""]","Fastest one ","[""B"",""A"",""C""]","Fastest and less elevation gain","1","[""C"",""B"",""A""]","Shortest route after a long hiking day ","1","[""A"",""B"",""C""]","Less elevation gain and just half of km more ","1","[""A"",""B"",""C""]","C is too complex ","1","[""A"",""B"",""C""]","Just a short part of the trail with a rockfall danger
","1","[""A"",""B"",""C""]","If you go outdoors for a hike, you must take this into consideration. ","1","[""B"",""C"",""A""]","Dark red caught my attention more. So, some extra km won't hurt ","1","[""B"",""C"",""A""]","Even though the A is the shortest one, it has a bigger probability of rockfall. So, it's better safe than sorry ","1","31-40","Often (several times per month)","Maps are visual tools that help you plan your route. Red colors help to alert hikers ","No","","Yes","All trails, Komoot, Google Maps (offline), a digital map with Markers ","No","","Yes","Corroborate info with apps","No","","No","","Yes","Experiences of friends or family ","1282.33",,"77.12",,,"79.74","27.74",,"38.21","17.6","26.87",,"41.59","33.29","6.68",,"52.72","38.04","14.91",,"62.1","14.66","3.63",,"46.55","27.37","11.18",,"68.46","83.48","8.21",,"86.9","39.63","9.64",,"62.25","55.01","7.92",,"15.63","10.02","84.54","130.64"
"19",,"3","en","476851303","2026-07-01 11:58:54","2026-07-01 12:01:20","Whenever you are ready to start, click on next",,"[""AO02"",""AO03"",""AO01""]",,"[]",,,"[]",,,"[]",,,"[]",,,"[]",,,"[]",,,"[]",,,"[]",,,,,,"N/A",,"N/A",,"N/A",,"N/A",,"N/A",,"N/A",,"N/A",,"146.71",,"48.19",,,"98.52",,,,,,,,,,,,,,,,,,,,,,,,,,,,,,,,,,,,,,
"20","2026-07-01 12:12:02","32","en","2047416602","2026-07-01 12:00:13","2026-07-01 12:12:02","Whenever you are ready to start, click on next",,"[""AO03""]","It looks like it is mostly on a ridge so the view would be nice and there is less vertical compared to the other options.","[""B"",""C"",""A""]","Shortest choice","1","[""C"",""B"",""A""]","I chose the shortest option","1","[""A"",""B"",""C""]","Shortest","1","[""A"",""B"",""C""]","shortest","1","[""C"",""A"",""B""]","compromise between rock fall danger and distance. again, hard to realistically choose without more context.","3","[""A"",""B"",""C""]","Rock fall warning. Hard to adjust planning without more context.","3","[""C"",""B"",""A""]","Avoid rock fall danger. As before, I would want additional information before actually making this choice.","3","[""B"",""C"",""A""]","compromise between avoiding the rock fall and distance. ","3","31-40","Often (several times per month)","Normal use for mountain recreation and for some work tasks.","Yes","","Yes","","Yes","","Yes","","No","","No","","No","","728.13",,"26.51",,,"43.02","48.84",,"72.32","8.9","4.87",,"64.68","10.37","13.57",,"45.96","4.58","3.63",,"23.92","4.89","3.8",,"22.35","36.59","4.07",,"54.62","17.44","4.6",,"29.57","24.04","2.91",,"41.16","31.97","5.95",,"6.34","11.56","31.82","23.28"
"21","2026-07-01 12:20:17","32","en","1532685187","2026-07-01 12:00:27","2026-07-01 12:20:17","Whenever you are ready to start, click on next",,"[""AO03"",""AO01"",""AO02""]","Route seems to be less exhausting and saver.","[""B"",""C"",""A""]","Route follows a valley and seems to be less exhausting.
","1","[""C"",""B"",""A""]","Route is shorter! Preferred if the route is safe...","1","[""A"",""B"",""C""]","Less altitude to climb, and route touches a lake.","1","[""A"",""B"",""C""]","Route is shorter and meters to climb are less.","1","[""C"",""B"",""A""]","b has a long stretch of rock fall. A has a short stretch of rockfall but is steep. C is better.","2","[""B"",""A"",""C""]","Rockfall risk seems to be acceptabele. Too high in the upper route!","2","[""A"",""B"",""C""]","Here I might accept a short stretch of high risk. Simply because the tour is much shorter.","2","[""B"",""A"",""C""]","If I am tired I might accept a mild risk of rockfall.","2","Over 60","Often (several times per month)","I am using maps (analog and digital) for many many years. As well as GPS devices....","Yes","very helpful for planning in advance","Yes","","Yes","","Yes","","No","","No","","No","","1204.42",,"46.67",,,"90.72","28.26",,"67.17","32.75","10.53",,"65.96","35.1","4.55",,"55.23","32.29","4.77",,"75","41.84","7.13",,"59.39","42.35","6.76",,"56.91","44.8","7.02",,"52.85","36.88","6.33",,"66.06","52.58","6.21",,"11.07","24.53","62.31","70.4"
"22","2026-07-01 12:19:56","32","en","1516332041","2026-07-01 12:02:55","2026-07-01 12:19:56","Whenever you are ready to start, click on next",,"[""AO02"",""AO03"",""AO01""]","It's the fastest route, even though it's a bit steep.","[""B"",""C"",""A""]","I want arrive as soon as possible to the hut","1","[""C"",""B"",""A""]","I want arrive to the hut as soon as possible","1","[""A"",""B"",""C""]","The path is flat and there is a lake on the route.","1","[""A"",""B"",""C""]","I want arrive to the hut as soon as possible","1","[""B"",""A"",""C""]","I am willing to face the risk of falling rocks just to get there first.","3","[""B"",""A"",""C""]","Route C is too much dangerouse; I prefer route less dangerous and not too long","4","[""A"",""B"",""C""]","I want arrive as sonn as possible to the hut, Route B is safer but too long. ","4","[""B"",""A"",""C""]","The likelihood of rockfall is too much on route A; I prefer B, it's longer but safer","4","51-60","Often (several times per month)","I rarely use maps ","No","","Yes","","No","","Yes","","No","","No","","No","","1036.7",,"1.94",,,"20.43","5.73",,"46.57","20.71","9.51",,"61.57","19.3","5.13",,"52.5","52.75","4.17",,"33.9","19.39","4.18",,"81.33","38.07","4.66",,"83.33","61.63","3.66",,"74.2","66.75","5.53",,"138.83","44.59","4.1",,"8.16","7.92","34.63","21.53"
"23","2026-07-01 12:33:53","32","en","836976629","2026-07-01 12:17:13","2026-07-01 12:33:53","Whenever you are ready to start, click on next",,"[""AO02"",""AO03"",""AO01""]","Because it was the shortest route ","[""B"",""A"",""C""]","Because it was the shortest route ","1","[""C"",""B"",""A""]","Because it was the shortest route ","1","[""A"",""C"",""B""]","Because it had the least amount of elevation ","2","[""A"",""C"",""B""]","Because it was the shortest route ","1","[""A"",""C"",""B""]","Because I want to be there fast but also don't have to high risk of rockfall. ","3","[""B"",""C"",""A""]","","3","[""B"",""C"",""A""]","Because there was to high risk at route A and the route C was to long ","3","[""B"",""C"",""A""]","On route B there is not to much rockfall risk and it is the shortest ","3","18-24","Very often (weekly or more)","Not that experience I use them but that much","No","","Yes","","No","","Yes","","No","","No","","No","","1017.36",,"84.99",,,"98.48","84.49",,"30.88","8.28","2.75",,"31.96","9.7","3.88",,"45.69","25.45","12.75",,"65.31","10.69","14.14",,"50.59","53.27","4.71",,"38.89","15.91","2.69",,"46.84","39.57","9.53",,"46.76","45.93","4.1",,"17.68","18.39","69.01","24.05"
"24","2026-07-01 12:46:58","32","en","371717092","2026-07-01 12:19:52","2026-07-01 12:46:58","Whenever you are ready to start, click on next",,"[""AO03"",""AO02"",""AO01""]","c had the least height difference, maybe the best views of the valley. A has the most and looks like the longest route.","[""B"",""A"",""C""]","'B' has less height difference and goes by the river, which I'd enjoy walking by. 'A' looks like it could have great views.","2","[""B"",""C"",""A""]","Even though 'C' could have cool views, it doesnt have a lot of ridges, b is closer to the river an the mid route","2","[""A"",""B"",""C""]","If I have energy, 'A' would be great, great views and relatively quick. 'B' looks to be the fastest route. 'C' looks like the longest.","2","[""A"",""B"",""C""]","'A' can have cooler views. 'B' is second fastest","3","[""A"",""C"",""B""]","I would still try A, since the danger area is not so long and then c. b looks too dangerous","3","[""B"",""A"",""C""]","c looks too dangerous, b has a little risk as a specific point, being careful, most likely nothing would happen. A look to be the second best option even though its the longest and has the most height difference","2","[""B"",""A"",""C""]","B is the middle length, even though it has a little risk. A has the highest risk, but the views must be great. C is the longest. Also, I'm not sure what 'high risk' means here, in terms of probability. ","1","[""B"",""C"",""A""]","A looks too risky, b has a smaller danger area, but its still short and c may be too long but it's the safest","2","25-30","Rarely (a few times per year)","High","Yes","when available","Yes","when I have enough battery or an external power bank. to plan the rout","No","","Yes","","No","","No","","No","","1643.66",,"72.68",,,"73.76","111.19",,"74.32","72.74","8.92",,"99.01","42.64","3.28",,"71.33","79.97","7.08",,"190.65","29.03","4.93",,"74.94","48.64","14.81",,"54.82","67.51","6.89",,"29.72","158.39","7.78",,"59.32","48.83","3.51",,"5.63","14.25","43.41","63.68"
"25","2026-07-01 12:33:49","32","en","929878099","2026-07-01 12:22:00","2026-07-01 12:33:49","Whenever you are ready to start, click on next",,"[""AO02"",""AO03"",""AO01""]","I wanted to pass near to the river, but tour A has too much different in height","[""B"",""C"",""A""]","A makes me suppose that the height is lost and gained too quickly, while B is shorter","2","[""C"",""B"",""A""]","I am tired, so i want to minimize efforts","1","[""A"",""B"",""C""]","A is a little bit longer than B, but is still convenient in terms of height","2","[""A"",""B"",""C""]","Since I am tired, i would like to safeguard my energies","2","[""A"",""B"",""C""]","A seems to have a good balance between shortness and hazard.","3","[""B"",""A"",""C""]","A long part of the C trail is threatened by rock danger, so I will exclude it, while B has just a little point","3","[""B"",""C"",""A""]","Now, A has a little endangered area, but with high risk, I will prefer a route where risk is more distributed.","3","[""C"",""B"",""A""]","In this case, the length of C is comparable with the other two routes, which are more dangerous...","4","18-24","Very often (weekly or more)","I use just digital maps, other maps are crap","No","","Yes","","No","","Yes","","No","","No","","No","","724.08",,"4.4",,,"62.3","64.32",,"37.21","34.91","4.21",,"31.5","13.2","5.72",,"23.41","19.78","4.44",,"29.25","48.27","3.78",,"30","22.28","5.22",,"29.74","42.44","4.74",,"28.67","43.31","3.79",,"27.71","28.05","3.75",,"5.85","6.53","23.97","31.33"
"26","2026-07-01 12:52:57","32","en","928702595","2026-07-01 12:45:27","2026-07-01 12:52:57","Whenever you are ready to start, click on next",,"[""AO02""]","Nice hike with some elevational meters and not too long","[""B"",""A"",""C""]","Want to get home fast and safe","1","[""C"",""B"",""A""]","Want to get home fast and safe","2","[""A"",""B"",""C""]","Want to get home fast and safe","2","[""A"",""B"",""C""]","Want to get home fast and safe","1","[""A"",""C"",""B""]","Want to get home safe","2","[""B"",""C"",""A""]","Want to get home, but not want to make a hughe detour..","3","[""B"",""C"",""A""]","Want to get home without a big detour","2","[""A"",""B"",""C""]","Want to get home fast and safe","1","25-30","Occasionally (monthly)","Quite ok I would say.","No","","Yes","","No","","Yes","","No","","No","","No","","464.99",,"2.56",,,"19.07","22.13",,"16.99","7.45","3.35",,"67.74","11.69","7.55",,"31.89","8.89","3.91",,"18.79","11.09","2.97",,"21.18","6.74","3.72",,"43.6","18.91","6.03",,"24.18","14.66","3.17",,"15.42","2.22","2.52",,"4.22","13.48","34.51","14.36"
"27",,"2","en","641018462","2026-07-01 12:54:17","2026-07-01 12:54:22","Whenever you are ready to start, click on next",,"[]",,"[]",,,"[]",,,"[]",,,"[]",,,"[]",,,"[]",,,"[]",,,"[]",,,,,,"N/A",,"N/A",,"N/A",,"N/A",,"N/A",,"N/A",,"N/A",,"5.14",,"5.14",,,,,,,,,,,,,,,,,,,,,,,,,,,,,,,,,,,,,,,,,
"28",,"3","en","1400980867","2026-07-01 13:13:30","2026-07-01 13:14:31","Whenever you are ready to start, click on next",,"[""AO02"",""AO03"",""AO01""]",,"[]",,,"[]",,,"[]",,,"[]",,,"[]",,,"[]",,,"[]",,,"[]",,,,,,"N/A",,"N/A",,"N/A",,"N/A",,"N/A",,"N/A",,"N/A",,"62.11",,"22.41",,,"39.7",,,,,,,,,,,,,,,,,,,,,,,,,,,,,,,,,,,,,,
"29",,"2","en","1373897004","2026-07-01 13:14:25","2026-07-01 13:16:11","Whenever you are ready to start, click on next",,"[]",,"[]",,,"[]",,,"[]",,,"[]",,,"[]",,,"[]",,,"[]",,,"[]",,,,,,"N/A",,"N/A",,"N/A",,"N/A",,"N/A",,"N/A",,"N/A",,"106.34",,"106.34",,,,,,,,,,,,,,,,,,,,,,,,,,,,,,,,,,,,,,,,,
"30",,"19","en","2091675304","2026-07-01 13:26:43","2026-07-01 13:33:53","Whenever you are ready to start, click on next",,"[""AO03"",""AO02"",""AO01""]","Route C has the least elevation.","[""B"",""A"",""C""]","Route B gets me to the hut fastest with the least fatigue and likely lowest injury risk.","2","[""C"",""B"",""A""]","Route C gets me to the hut fastest with the least fatigue and likely lowest injury risk.","2","[""A"",""B"",""C""]","Route A gets me to the hut fastest with the least fatigue and likely lowest injury risk.","2","[""A"",""B"",""C""]","Route A has the least elevation gain and the shortest distance, so since it’ll be late in the evening, the priority is to reach the hut as quickly as possible without overexerting myself while also reducing the risk of injury after a full day of hiking.","2","[]",,,"[]",,,"[""C"",""B"",""A""]","Route C is objectively the hardest option, but the risk of rockfall on the other two routes is too high.","3","[]",,,,,,"N/A",,"N/A",,"N/A",,"N/A",,"N/A",,"N/A",,"N/A",,"440.13",,"2.57",,,"29.14","33.12",,"16.52","13.68","4.82",,"19.24","12.68","3.44",,"86.65","10.9","4.56",,"27.4","85.73","8.34",,,,,,,,,,"21.69","54.97","4.68",,,,,,,,,
"31","2026-07-01 13:58:44","32","en","1517917765","2026-07-01 13:34:33","2026-07-01 13:58:44","Whenever you are ready to start, click on next",,"[""AO03"",""AO02"",""AO01""]","Staying on the ridge ist most of the time more beautiful and with regards to rockfall also safer. ","[""B"",""A"",""C""]","again","1","[""C"",""B"",""A""]","shortest way
it's a ""Höhenweg"" - so more beautiful as going down all the way to the valley and then back up again ;)","1","[""A"",""C"",""B""]","same","1","[""A"",""B"",""C""]","again: shortest way","1","[""C"",""B"",""A""]","i don't want to be in this rockfall-exposed valley for such a long distance... ","4","[""B"",""C"",""A""]","again: before making a decision i'd try to get further information about the current situation. ","4","[""B"",""A"",""C""]","It strongly depends on the likelyhood. I'd try to get further information about the rockfall situation before I want to make a desicion. if the likelyhood is comparable to ""grand couloir"" I'd rather also go the longest way. if it is not that serious I'd think longer about really taking another route - also because the affected area is not so big. ","3","[""B"",""C"",""A""]","I'd rather reach the hut later at night than never ever again reaching a hut. ","2","31-40","Very often (weekly or more)","expert","Yes","but just for getting an overview at home or at the hut","Yes","alpenvereinaktiv.com","Yes","when doing complex glacier hikes","Yes","","No","","No","","No","","1288.7",,"45.33",,,"84.61","40.57",,"51","7.1","2.64",,"77.84","70.84","8.59",,"40.09","5.61","3.34",,"62.45","8.03","4.49",,"98.88","32.74","7.54",,"70.65","25.65","5.8",,"95.47","177.22","12.66",,"89.4","48.54","4.13",,"4.77","8.39","7.05","87.28"
"32",,"4","en","1558600848","2026-07-01 14:08:22","2026-07-01 14:08:31","Whenever you are ready to start, click on next",,"[]","","[]",,,"[]",,,"[]",,,"[]",,,"[]",,,"[]",,,"[]",,,"[]",,,,,,"N/A",,"N/A",,"N/A",,"N/A",,"N/A",,"N/A",,"N/A",,"11.65",,"1.78",,,"4.37","1.7",,"3.8",,,,,,,,,,,,,,,,,,,,,,,,,,,,,,,,,,,
"33",,"2","en","970352069","2026-07-01 14:10:42","2026-07-01 14:12:10","Whenever you are ready to start, click on next",,"[]",,"[]",,,"[]",,,"[]",,,"[]",,,"[]",,,"[]",,,"[]",,,"[]",,,,,,"N/A",,"N/A",,"N/A",,"N/A",,"N/A",,"N/A",,"N/A",,"88.49",,"88.49",,,,,,,,,,,,,,,,,,,,,,,,,,,,,,,,,,,,,,,,,
"34","2026-07-01 14:40:16","32","en","926246360","2026-07-01 14:18:27","2026-07-01 14:40:16","Whenever you are ready to start, click on next",,"[""AO03"",""AO02"",""AO01""]","Route C makes the most sense, it’s safe and effective because you are hiking on almost same elevation. A and B maybe are shorter but they are silly bc you are first dropping elevation so rapidly (not good for knees AND the rockfall of it all makes it worse), but then you are hiking up for another half kilometer, it’s a crazy route to do to get to the destination. IMO ","[""C"",""B"",""A""]","Ok this one a bit more tricky, but this is my train of thought. I think route A through the mountain is just absolutely wild, hard physically, not safe either and just doesn’t make any sense. Then B is a bit better maybe, but then you are in the middle of the rockfall zone. Route C in contrast is on the other side of the river, and slightly up from the lowest valley point, so rocks cannot get to you. It may be the longest route, but it’s the nicest. and it’s nice to come to the river after a whole day of hike, wash up a bit and then go up to camp hehe","1","[""C"",""B"",""A""]","Same reason as in the test task. Why would i drop elevation, then make a huge detour, expose myself to the dangerous slope, and then go in the river valley where all the rocks will fall on my head. I’d rather just keep going on the ridge and then just a small descent to the hut and call it a day. ","1","[""A"",""B"",""C""]","A is the most stable in terms of elevation, same logic as before, just try to stay on the same isolines and slowly make your way. Route C is just insane long, and why would you go so far and then have an insane ascent at the end and die on that hill (literally). B is v dangerous, there’s massive ascents and descents through multiple ridges, it’s not very good option. ","1","[""A"",""C"",""B""]","Sorry i’m starting to have survey fatigue haha. How many maps are left? Anyways. I think C is the safest because of the same logic as before. ","2","[""C"",""A"",""B""]","Just chose the one without red lines ","1","[""A"",""B"",""C""]","Same logic as before","1","[""B"",""A"",""C""]","this survey is so long omg. girl idk hahaha i just chose by intuition now i guess where the red color is not too intense. ","2","[""C"",""B"",""A""]","Idk","2","25-30","Occasionally (monthly)","Pretty good, i’m a hiker and a cartographer haha","No","","Yes","","Yes","","Yes","","No","","No","","No","","1296.37",,"45.18",,,"137.66","126.84",,"67.76","154.33","7.03",,"58.14","108.88","6.6",,"74.44","100.89","4.44",,"62.34","56.31","4.37",,"45.31","8.13","3.49",,"58.04","7.83","4.48",,"37.04","28.96","4.21",,"30.69","6.07","2.83",,"4.81","9","11.99","18.28"
"35",,"7","en","1247106416","2026-07-01 14:41:24","2026-07-01 14:44:08","Whenever you are ready to start, click on next",,"[""AO03"",""AO01"",""AO02""]","elevation ","[]",,,"[]",,,"[""A"",""B"",""C""]","elevation change","2","[]",,,"[]",,,"[]",,,"[]",,,"[]",,,,,,"N/A",,"N/A",,"N/A",,"N/A",,"N/A",,"N/A",,"N/A",,"166.71",,"33.03",,,"62.48","13.67",,,,,,,,,,"41.05","5.78","10.7",,,,,,,,,,,,,,,,,,,,,,,,,
"36","2026-07-01 14:57:03","32","en","1568359318","2026-07-01 14:45:09","2026-07-01 14:57:03","Whenever you are ready to start, click on next",,"[""AO03"",""AO02"",""AO01""]","elevation change","[""B"",""C"",""A""]","length and elevation change","2","[""C"",""B"",""A""]","elevation and route length","2","[""A"",""B"",""C""]","length and elevation change","2","[""A"",""B"",""C""]","length and elevation change","2","[""C"",""A"",""B""]","c is longer but no rockfall and the elevation change is much less over time- those switch backs in A look frustrating","2","[""B"",""A"",""C""]","c although shorter has a long stretch of rockfall danger. b is shorter than a and only has a blip of rockfall","2","[""B"",""A"",""C""]","length of route- a has high chance of rockfall but is way shorter so i’ll just zoom past that section","2","[""B"",""A"",""C""]","b is medium for length elevation and rock fall hazard","3","25-30","Occasionally (monthly)","I am a GIS analyst ","No","","Yes","","No","","Yes","","No","","No","","Yes","i think something to consider here is also the scenery. if it’s just about A-B and it’s late in the day then i’m only going to consider length but other factors like shade, proximity to water and perceived incline (steep switchbacks) are on my mind since mentally and physically those can feel more draining ","730.22",,"3.92",,,"32.79","6.46",,"40.43","9.19","3.66",,"35.9","10.58","3.69",,"36.74","7.44","3.79",,"30.38","12.95","4.57",,"56.43","31.38","3.41",,"34.85","26.44","3.95",,"65.17","26.4","4.22",,"84.25","19.21","4.11",,"4.72","8.84","15.03","99.32"
"37","2026-07-01 15:33:05","32","en","957469839","2026-07-01 15:13:54","2026-07-01 15:33:05","Whenever you are ready to start, click on next",,"[""AO02"",""AO03"",""AO01""]","Route B looked the shortest, so I prioritized it. While Route A was slightly shorter than C, it looked to have a lot of elevation change, so I ranked it last.","[""B"",""A"",""C""]","The route I chose was shortest and had the least elevation change","1","[""C"",""B"",""A""]","Route C seemed most direct with little change in elevation. The next one I ranked was much shorter than the last.","1","[""A"",""B"",""C""]","Route A was slightly longer, but the elevation change was much less than the others--which is important after a long day. The next choice was much shorter than the last.","1","[""A"",""B"",""C""]","The route I chose was shorter and had the least elevation change.","1","[""B"",""C"",""A""]","Realistically, at the end of the day, I would choose the much shorter route. I also feel I do not understand the relative risk of ""rockfall danger"" when presented this way.","4","[""B"",""A"",""C""]","I chose B because it was shorter than C and danger seemed comparatively moderate, however, the bolded line does not give me much information to relative risk. B was much shorter than A still.","4","[""B"",""C"",""A""]","Route A seemed like a dangerous choice, because of the high likelihood of rock fall. My choice had low likelihood, which is tolerable, but was still much shorter than the last option.","2","[""B"",""C"",""A""]","Although B was longer, the likelihood of rockfall was less--which I suppose is important to safety. The next choice had no likelihood, but was much longer. ","2","18-24","Occasionally (monthly)","Moderate. Usually use an application like AllTrails but not a ton of experience navigating with paper map/atlas","No","","Yes","","No","","Yes","","No","","No","","No","","1167.49",,"196.26",,,"49.72","28.83",,"26.63","11.66","3.73",,"47.94","30.77","7.66",,"26.19","26.5","3.39",,"36.17","11.67","3.5",,"145.15","238.33","3.7",,"41","30.29","2.83",,"28.44","35.99","2.89",,"35.95","35.62","7.05",,"3.89","5.5","30.35","9.89"
"38","2026-07-01 15:26:51","32","en","1085303990","2026-07-01 15:14:35","2026-07-01 15:26:51","Whenever you are ready to start, click on next",,"[""AO03"",""AO02"",""AO01""]","Examined the elevations.  Despite longer travel distance, the smaller elevation changes make it an easier journey.  Also, path C avoids having to ford any rivers.","[""B"",""C"",""A""]","Path A is significant uphill climbs compared to the more gentle slope paths of B and C","3","[""B"",""C"",""A""]","","2","[""A"",""B"",""C""]","Although B is shorter, it is nearly a 3x increase in climbing then A","2","[""A"",""B"",""C""]","","2","[""C"",""A"",""B""]","Avoiding rockfalls is priority, A > B due to a smaller stretch of treacherous terrain.","1","[""A"",""B"",""C""]","","1","[""C"",""B"",""A""]","Despite easier climbs, avoiding areas of high danger is my priority.  Especially since its a ""high"" likelyhood.","2","[""C"",""B"",""A""]","Would avoid areas of high danger even if it means a longer travel time.","1","25-30","Rarely (a few times per year)","Generally don't use physical maps unless they are trailside along paths to chart current position.  Otherwise use digital navigation tools to assist.  ","No","","Yes","","Yes","","Yes","","No","","No","","No","","755",,"12.07",,,"75.71","78.72",,"55.03","37.06","4.69",,"39.67","4.29","3.65",,"31.88","28.96","3.09",,"82.36","3.13","3.59",,"50.82","25.98","4.94",,"12.99","4.77","2.62",,"19.46","25.08","33.97",,"22.46","16.35","4.28",,"4.84","9.61","38","14.93"
"39","2026-07-01 15:48:05","32","en","1841406885","2026-07-01 15:25:50","2026-07-01 15:48:05","Whenever you are ready to start, click on next",,"[""AO02"",""AO03"",""AO01""]","Combination of elevation and height information. I would prefer the shortest path with the least extreme elevation changes","[""B"",""A"",""C""]","To hike the shortest path for the last portion and to hike along the valley and river would be my preference. Otherwise path A since it might offer some nice views.","3","[""B"",""C"",""A""]","The shortest path (c) seems to go along a steep path , so preference to hike along the valley and only make one steep ascent at the end ","3","[""A"",""B"",""C""]","Preference to hike on the ridge, also since I've been hiking all day, prefer shorter less strenuous path","3","[""A"",""B"",""C""]","A combination of elevation and length and rather hiking over rock / mountains then through vegetation","4","[""C"",""A"",""B""]","I would no longer choose path B die to the rockfall danger. I would also be more reluctant to choose part A, because the part with rockfall danger also seems at higher elevation and with a steeper slope. ","2","[""B"",""A"",""C""]","Since it is late in the afternoon i would still choose route B, even if there is one danger spot, since the safest route would mean a 3km detour. ","3","[""C"",""B"",""A""]","Even though the danger level for rockfall is quite low, it spans quite a long part of the trail so I would prefer the safest route C. Depending on the circumstances in the field i would potentially consider choosing B instead. ","3","[""C"",""B"",""A""]","Even though the route is a lot longer with higher elevation gain, I would likely still choose route C. If I was very fatigued already I might opt for route B, to be able to arrive at my goal faster. ","4","25-30","Occasionally (monthly)","I have a lot of experience with maps (but slightly less so with hiking maps)","No","","Yes","","No","","Yes","","No","","No","","Yes","relying on another (more expereinced) hiker","1351",,"33.45",,,"47.67","42.66",,"88.44","64.93","6.9",,"82.56","62.46","4.87",,"38.71","40.21","3.26",,"71.79","41.77","4.66",,"50.32","71.93","4.45",,"101.83","48.48","3.77",,"66.12","117.22","5",,"68.28","71.22","3.27",,"5.02","6.11","47.86","45.78"
"40","2026-07-01 15:44:39","32","en","377357085","2026-07-01 15:31:36","2026-07-01 15:44:39","Whenever you are ready to start, click on next",,"[""AO01"",""AO03"",""AO02""]","Route A looks way longer but less steep","[""B"",""A"",""C""]","shorter distance and less vertical gain","2","[""C"",""B"",""A""]","shortest distance and height","2","[""A"",""B"",""C""]","shorter distance and less vertical gain","2","[""A"",""C"",""B""]","shorter distance n less vertical gain","2","[""C"",""A"",""B""]","safest route","2","[""A"",""B"",""C""]","safest route eventhough the longest","2","[""B"",""C"",""A""]","shortest route with the low probability rock fall","2","[""C"",""B"",""A""]","safest route","2","31-40","Rarely (a few times per year)","everyday using maps, at least google maps. ","Yes","","Yes","","No","","Yes","","Yes","","No","","No","","796.04",,"26.98",,,"62.56","61.58",,"52.05","17.6","4.62",,"45.15","49.57","11.28",,"43.02","26.24","5.02",,"38.79","22.34","4.56",,"47.24","9.97","4.82",,"61.57","26.14","4.47",,"28.98","26.91","5.88",,"23.32","7.02","5.2",,"17.02","7.55","27.99","20.6"
"41","2026-07-01 15:58:52","32","en","803273958","2026-07-01 15:35:42","2026-07-01 15:58:52","Whenever you are ready to start, click on next",,"[""AO02"",""AO01"",""AO03""]","1. eager for sportive activity without exhausting myself, 2. would like to enjoy the landscape","[""B"",""C"",""A""]","Still don't want to risk anything at the end of a long day. But it shouldn't be too steep either.","1","[""C"",""A"",""B""]","the imagination to first hike downhill and then uphill again at the end of a day is mentally exhausting. So a route at high elevation might be risky, but I think  I would feel energized with the hut in sight.","2","[""A"",""C"",""B""]","I am tired, I don't want to risk anything by long and steep hikes nearly at the end of my hiking day","2","[""A"",""B"",""C""]","Route C and B might be more beautiful. But I don't want to further exhaust myself at the end of a long day.","1","[""A"",""C"",""B""]","I could not really tell how risky it actually is to pass the valley. So, it's better to be safe than sorry. ","1","[""B"",""C"",""A""]","Might sound stupid, but this is the first time I have wondered how long (for how many meters or km) I would need to pass through at-risk terrain. I therefore chose routes that seemed ""shorter"" in terms of risk. ","1","[""C"",""A"",""B""]","This looks more dangerous than the previous one. But still, I assume I would be more conscious of rockfalls on a shorter, not-too-steep trail that exhausts me physically and therefore mentally. ","2","[""A"",""C"",""B""]","Actually, I wouldn't like to pass through sites with significant rockfalls. But if I must, I assume that a shorter, less steep trail might help me cross the dangerous sites more quickly, reducing the risk of being hit by a rock fall. ","1","31-40","Occasionally (monthly)","Actually, I let others use the maps to tell me what conditions will await me along the route.  :-) ","No","","Yes","Komoot","No","","Yes","","Yes","my husband ","No","","No","","1404.83",,"33.86",,,"109.41","58.17",,"43.16","41.35","4.3",,"75.16","144.61","4.59",,"53.21","30.82","10.64",,"50.35","36.63","5.6",,"40.31","50.3","2.91",,"54.9","131.06","2.94",,"69.01","73.17","5.49",,"62.24","106.5","4.31",,"6.7","8.7","61.61","22.82"
"42",,"4","en","551766063","2026-07-01 15:39:58","2026-07-01 15:41:41","Whenever you are ready to start, click on next",,"[""AO01"",""AO02"",""AO03""]","A: Not that steep and Exposed.","[]",,,"[]",,,"[]",,,"[]",,,"[]",,,"[]",,,"[]",,,"[]",,,,,,"N/A",,"N/A",,"N/A",,"N/A",,"N/A",,"N/A",,"N/A",,"104.08",,"6.96",,,"69.03","28.09",,,,,,,,,,,,,,,,,,,,,,,,,,,,,,,,,,,,,
"43",,"2","en","61015642","2026-07-01 15:40:57","2026-07-01 15:41:00","Whenever you are ready to start, click on next",,"[]",,"[]",,,"[]",,,"[]",,,"[]",,,"[]",,,"[]",,,"[]",,,"[]",,,,,,"N/A",,"N/A",,"N/A",,"N/A",,"N/A",,"N/A",,"N/A",,"3.92",,"3.92",,,,,,,,,,,,,,,,,,,,,,,,,,,,,,,,,,,,,,,,,
"44",,"2","en","2124879360","2026-07-01 15:56:19","2026-07-01 15:56:22","Whenever you are ready to start, click on next",,"[]",,"[]",,,"[]",,,"[]",,,"[]",,,"[]",,,"[]",,,"[]",,,"[]",,,,,,"N/A",,"N/A",,"N/A",,"N/A",,"N/A",,"N/A",,"N/A",,"3.17",,"3.17",,,,,,,,,,,,,,,,,,,,,,,,,,,,,,,,,,,,,,,,,
"45",,"4","en","1563631380","2026-07-01 16:21:56","2026-07-01 16:24:49","Whenever you are ready to start, click on next",,"[""AO02""]","Less m altitude ","[]",,,"[]",,,"[""A"",""B""]",,,"[]",,,"[]",,,"[]",,,"[]",,,"[]",,,,,,"N/A",,"N/A",,"N/A",,"N/A",,"N/A",,"N/A",,"N/A",,"174.25",,"4.29",,,"83.07","24.64",,,,,,,,,,"62.25",,,,,,,,,,,,,,,,,,,,,,,,,,,
"46",,"2","en","321272245","2026-07-01 17:16:02","2026-07-01 17:16:12","Whenever you are ready to start, click on next",,"[]",,"[]",,,"[]",,,"[]",,,"[]",,,"[]",,,"[]",,,"[]",,,"[]",,,,,,"N/A",,"N/A",,"N/A",,"N/A",,"N/A",,"N/A",,"N/A",,"10.7",,"10.7",,,,,,,,,,,,,,,,,,,,,,,,,,,,,,,,,,,,,,,,,
"47","2026-07-01 18:07:17","32","en","567953638","2026-07-01 17:54:33","2026-07-01 18:07:17","Whenever you are ready to start, click on next",,"[""AO03"",""AO02"",""AO01""]","Route C has the least elevation gain
","[""B"",""A"",""C""]","Route B has the least elevation gain","2","[""C"",""B"",""A""]","Route C has the lowest elevation gain and is the shortest route
","2","[""A"",""B"",""C""]","Route A has the least elevation gain","2","[""A"",""B"",""C""]","Route A is the shortest and has the least elevation gain","2","[""C"",""A"",""B""]","Since I don’t know how severe the rockfall risk actually is, and I can’t tell whether the red marking is just a general risk indicator or a severity rating, the only sensible option for me is to avoid it completely","2","[""B"",""A"",""C""]","C is too risky, Route B is the best compromise between rockfall risk and fatigue.","2","[""B"",""C"",""A""]","Route A is too risky, Route B is the best compromise between rockfall risk and fatigue.","2","[""B"",""C"",""A""]","Route A is too risky. Route B seems like the best compromise between rockfall risk and fatigue, which is also a serious concern after a full day of hiking","2","18-24","Rarely (a few times per year)","Honestly I use Google Maps for pretty much everything, and sometimes Outdooractive for hiking trails. In the mountains, I mostly rely on physical signs and trail markers","No","","Yes","Outdooractive, Google Maps","No","","Yes","","Yes","","No","","No","","777.02",,"2.68",,,"24.09","15.5",,"17.03","11.27","3.16",,"18.21","20.76","3.99",,"18.1","10.51","3.18",,"15.05","14.46","3.46",,"43.4","80.52","3.23",,"42.35","31.73","5.45",,"28.91","25.11","3.5",,"22.87","129.59","3.75",,"4.35","9.67","115.39","45.75"
"48",,"0","en","160934781","2026-07-01 18:38:33","2026-07-01 18:38:33","Whenever you are ready to start, click on next",,"[]",,"[]",,,"[]",,,"[]",,,"[]",,,"[]",,,"[]",,,"[]",,,"[]",,,,,,"N/A",,"N/A",,"N/A",,"N/A",,"N/A",,"N/A",,"N/A",,"0",,,,,,,,,,,,,,,,,,,,,,,,,,,,,,,,,,,,,,,,,,,
"49","2026-07-01 19:18:04","32","en","1706861060","2026-07-01 18:48:35","2026-07-01 19:18:04","Whenever you are ready to start, click on next",,"[""AO03"",""AO02"",""AO01""]","C had the least elevation gain therefore for me it would be easier, B was shortest, A had too much elevation gain and was long.","[""B"",""A"",""C""]","It was the shortest with the least elevation gain.","1","[""C"",""B"",""A""]","Route C was the shortest and had the least elevation gain","1","[""A"",""B"",""C""]","It was the shortest and had the least elevation gain.","1","[""A"",""B"",""C""]","Route A was the shortest and had the least elevation gain.","1","[""B"",""A"",""C""]","The elevation gain of A and C compared to B is too much to make me go with those two instead of route B.","2","[""C"",""B"",""A""]","Since it is late in the day I would probably go with the shortest route. I do not think the rockfall offsets the extra 250 metres of elevation gain and the 1.5 km of hiking. ","3","[""B"",""A"",""C""]","The likelihood of rockfall on route A is too much for me to feel safe, therefore I would go with route B, while being longer/having more elevation, since the risk is low I am ok with it. C is too long.","3","[""B"",""A"",""C""]","Similar to before, the risk in route A is too high. I think B is a nice option. C is too long.","2","25-30","Often (several times per month)","Digital ones daily. For hiking as well. Paper ones very rarely. I study maps.","No","","Yes","Komoot, Google Maps","No","","Yes","Marcations, signs","Yes","If someone else is leading the hike","No","","No","","1782.2",,"31.69",,,"58.57","70.29",,"35.09","12.97","6.54",,"21.33","9.78","2.37",,"31.29","10.36","2.11",,"15.39","14.57","1.82",,"42.9","48.8","3.19",,"315.99","306","6.43",,"385.52","56.13","5.23",,"91.02","24.92","3.19",,"35.7","7.21","69.73","56.07"
"50","2026-07-01 22:24:02","32","en","540447796","2026-07-01 22:05:04","2026-07-01 22:24:02","Whenever you are ready to start, click on next",,"[""AO03"",""AO02"",""AO01""]","In order not to desend and then have to go up again","[""B"",""A"",""C""]","Shorter route and less altitude to make","2","[""C"",""B"",""A""]","Shorter route and less altitude to make","2","[""A"",""B"",""C""]","Shorter and less altitude to make","3","[""A"",""B"",""C""]","Shorter route and less altitude to make","2","[""C"",""A"",""B""]","Avoding rock fall danger... ","2","[""B"",""A"",""C""]","Route B only a short risk
Route A, long but all safe
Route C, risk to high and long. ","3","[""B"",""A"",""C""]","Route B with low likelihood of rockfall
Route A shortert, but with high risk
Route C is too long ","4","[""B"",""C"",""A""]","Best route B with short part with medium and low risk of rockfall, second route C, without risk of rockfall, but longer","3","41-50","Occasionally (monthly)","I feel confortable using maps and will considere that I'm experience user of maps","No","","Yes","","No","","Yes","","No","","No","","No","","1152",,"86.83",,,"68.43","29.87",,"51.24","12.22","38.11",,"87.17","16.08","4.42",,"59.97","25.75","15.24",,"39.53","14.56","43.15",,"74.2","17.59","4.66",,"46.06","37.7","8.8",,"63.34","112.81","5.26",,"64.28","48.39","4.57",,"6.75","11.14","33.82","20.06"
"51",,"2","en","344119106","2026-07-01 22:13:09","2026-07-01 22:13:13","Whenever you are ready to start, click on next",,"[]",,"[]",,,"[]",,,"[]",,,"[]",,,"[]",,,"[]",,,"[]",,,"[]",,,,,,"N/A",,"N/A",,"N/A",,"N/A",,"N/A",,"N/A",,"N/A",,"4.74",,"4.74",,,,,,,,,,,,,,,,,,,,,,,,,,,,,,,,,,,,,,,,,
"52",,"16","en","993712558","2026-07-02 06:03:56","2026-07-02 08:44:46","Whenever you are ready to start, click on next",,"[""AO01"",""AO03"",""AO02""]","Route A looks like a nice hike for a spring with some variation in landscape (green areas) and some steep and flat sections.","[""B"",""A"",""C""]","based on distance and altitude meters","3","[""B"",""C"",""A""]","First choice was a compromise between lenght, altitude meters and exposed terrain.","3","[""A"",""B"",""C""]","based on distance and altitude meters.","3","[""A"",""B"",""C""]","This is the shortest route with less altitude meters compared to the others.","2","[]",,,"[]",,,"[]",,,"[]",,,,,,"N/A",,"N/A",,"N/A",,"N/A",,"N/A",,"N/A",,"N/A",,"582.62",,"27.4",,,"95.47","67.5",,"56.81","20.09","3.41",,"109.99","57.36","3.78",,"19.11","20.2","5.99",,"54.27","33.02","8.22",,,,,,,,,,,,,,,,,,,,,
"53","2026-07-02 07:25:10","32","en","1369266627","2026-07-02 06:35:10","2026-07-02 07:25:10","Whenever you are ready to start, click on next",,"[""AO03"",""AO02"",""AO01""]","Because on the map it´s a rather save route, with a longer distance but less vertical meters. Also because I don´t have to walk down and up again.","[""B"",""A"",""C""]","B in my opinion is the best track, because there are just a few vertical meters and the distance is ok. It also doesn´t lead through rocky terrain, like A. A would be my second choice because of the distance and vertical meters.","1","[""C"",""B"",""A""]","Track A is too long. Track B and C would be ok. I would rather take the shorter track, although it leads through rocky terrain.","1","[""A"",""B"",""C""]"," A is the shortest track to point 2. And like track B it leads through rocky terrain most of the time. C is too long, if I walked around the whole day already.","1","[""A"",""B"",""C""]"," A is the shortest track and the best choice, even through rocky terrain. C is too long.","1","[""A"",""C"",""B""]","In terms of risk, Route A is still manageable, and the distance is fine. Route B would be my last choice because I would be spending a long time in a high-risk area. Route C is long, admittedly, but completely risk-free.","1","[""B"",""A"",""C""]","In terms of risk, B is still manageable. Track A would be the second choice because I can do it without any risky spots; it’s long, but safe. Track C would be too risky for me, as it involves several risky spots.","1","[""B"",""A"",""C""]","C is too long. In terms of risk, B is still manageable, and that section can be crossed quickly. A involves spending a long time in a high-risk area and it ranks second. It is despite better than the very long route C in my opinion.","1","[""B"",""A"",""C""]","In terms of risk, Track B is still manageable. Track A would be the second choice, because Track C is simply too long after a full day.","1","31-40","Very often (weekly or more)","I use maps during courses and when guiding. I use them to gather necessary information about unfamiliar trails and the like, but I also cross-reference this with digital information.","Yes","","Yes","","No","","No","","No","","No","","No","","3014.81",,"76.51",,,"110.01","111.94",,"97.24","121.18","9.45",,"71.45","61.65","3.39",,"60.71","86.52","3.3",,"1346.03","90.18","2.59",,"163.46","3.56","2.67",,"128.46","36.72","3.22",,"126.94","56.37","2.96",,"96.91","23.04","2.83",,"10.01","12.82","76.65","16.04"
"54",,"4","en","1217556888","2026-07-02 06:50:48","2026-07-02 06:54:39","Whenever you are ready to start, click on next",,"[]","Because route A seems tò be flater ","[]",,,"[]",,,"[]",,,"[]",,,"[]",,,"[]",,,"[]",,,"[]",,,,,,"N/A",,"N/A",,"N/A",,"N/A",,"N/A",,"N/A",,"N/A",,"232.23",,"65.42",,,"124.51","42.3",,,,,,,,,,,,,,,,,,,,,,,,,,,,,,,,,,,,,
"55","2026-07-02 07:17:59","32","en","167786193","2026-07-02 07:01:07","2026-07-02 07:17:59","Whenever you are ready to start, click on next",,"[""AO01""]","perchè apparentemente il sentiero è più piatto","[""B"",""A"",""C""]","sempre in base alla lunghezza/altimetria dei percorsi","3","[""B"",""A"",""C""]","perchè ho escluso il sentiero di cresta,e scelto tra i due più conservativi quello più corto","3","[""A"",""B"",""C""]","perchè il secondo percorso ancorchè più breve mi parrebbe più impegnativo,il terzo è troppo lungo dopo una mezza giornata che cammino","3","[""A"",""B"",""C""]","in base alle diverse lunghezze/altimetrie,ho scelto la più breve,meno impegnativa","3","[""B"",""A"",""C""]","sono stanco ,anche se il percorso su cui ricade la prima scelta è il più a rischio caduta massi,nondimeno è il più breve","3","[""B"",""A"",""C""]","ho scelto il percorso più favorevole secondo i parametri plano altimetrici e di lunghezza e rischio","3","[""B"",""A"",""C""]","ho scelto il compromesso migliore per lunhezza/altimetria e rischio caduta massi","3","[""B"",""A"",""C""]","sempre per compromesso,la A è quella relativamente più breve /piatta,anche se con profilo di rischio non esente","3","51-60","Often (several times per month)","normale","Yes","","No","","No","","Yes","","No","","No","","No","","1026.66",,"5.81",,,"14.09","29.09",,"42.76","26.43","2.99",,"91.95","57.17","8.97",,"71.12","89.88","6.97",,"53.75","47.08","3.11",,"48.8","59.33","3.47",,"41.58","72.88","4.99",,"41.92","44.64","3.6",,"34.68","66.6","3.26",,"7.25","12.01","12.14","18.34"
"56","2026-07-02 08:09:45","32","en","1715559415","2026-07-02 07:55:08","2026-07-02 08:09:45","Whenever you are ready to start, click on next",,"[""AO03"",""AO02"",""AO01""]","C had the lowest elevation change and was only a little longer. I'd also imagine the views would be better","[""B"",""A"",""C""]","shortest distance and lwoest elevation gain","1","[""B"",""C"",""A""]","I would want to be at a lower elevation if it is getting dark. Would rather be in the valley for shelter and safety ","1","[""B"",""A"",""C""]","although c looked fine i wouldnt want that climb at the ery end if the walk late in the day so would prefer a more direct route","1","[""B"",""A"",""C""]","B seemed to be the best comprimise between directness whilst also providing shelter and water opporunities should I need to wild camp if it got too dark. Wasnt as exposed as up on the hill for late at night","2","[""C"",""A"",""B""]","I would minimise rockfall risk","1","[""B"",""A"",""C""]","high elevation suddenly looked very dangerous but my preferred route only had one risky point which, comparatively, doesn't seem too bad","2","[""B"",""A"",""C""]","if the weather was dodgy i would have swapped my 2nd and 3rd choices around but the 1st choice is head and shoulders above them all","1","[""A"",""B"",""C""]","I would take the risk, the dots look like a pattern fill on hiking maps already","3","25-30","Often (several times per month)","I am a cartographer for a hiking map publishing company ","Yes","map and compass never fail you!","Yes","","No","","Yes","","Yes","","No","","No","","894.42",,"2.6",,,"54.02","59.04",,"47.65","11.15","2.5",,"39.12","33.89","5.13",,"41.4","36.92","4.15",,"54.45","76.63","5.97",,"47.83","11.62","2.96",,"35.91","74.29","2.94",,"34.22","61.24","2.76",,"31.44","18.97","4.84",,"5.89","5.18","43.86","35.85"
"57","2026-07-02 08:43:58","32","en","1227237356","2026-07-02 08:15:30","2026-07-02 08:43:58","Whenever you are ready to start, click on next",,"[""AO03"",""AO02"",""AO01""]","Rather follow the ridge than lose all of that height and have to climb up again","[""B"",""A"",""C""]","Shortest route with least ascent","2","[""C"",""B"",""A""]","Shortest route, least ascent","1","[""A"",""B"",""C""]","Assuming the line through the lake is an error, following the ridge is slightly longer but has much less ascent so would likely be quicker","2","[""A"",""C"",""B""]","Shortest route, least ascent","2","[""B"",""A"",""C""]","In good weather I'd probably still take the risk along the shorter route, especially after a long day. If it were earlier in the day or the weather was bad I'd reconsider.","3","[""B"",""C"",""A""]","Split the difference - low risk and medium distance is preferable to high risk and short distance or no risk and furthest distance","3","[""B"",""A"",""C""]","Again, in fair weather I'd be more likely to take the risk of the shorter, more dangerous route","3","[""B"",""C"",""A""]","In all likelihood I would try and adapt route A and cross lower down the valley where the risk is lower but since that isn't an option I'll take the long way round!","3","31-40","Rarely (a few times per year)","I'm a cartographer, so quite proficient!","Yes","","Yes","","No","","Yes","","No","","No","","No","","1726.3",,"34.91",,,"127.44","44.38",,"131.87","14.86","10.45",,"54.18","33.05","9.72",,"66.81","77.8","8.08",,"93.81","16.72","3.59",,"138.4","87.54","17.28",,"100.94","133.82","11.67",,"71.95","45.89","4.39",,"184","70.01","10.93",,"5.88","20.76","52.65","42.52"
"58",,"0","en","982621408","2026-07-02 09:06:02","2026-07-02 09:06:02","Whenever you are ready to start, click on next",,"[]",,"[]",,,"[]",,,"[]",,,"[]",,,"[]",,,"[]",,,"[]",,,"[]",,,,,,"N/A",,"N/A",,"N/A",,"N/A",,"N/A",,"N/A",,"N/A",,"0",,,,,,,,,,,,,,,,,,,,,,,,,,,,,,,,,,,,,,,,,,,
"59",,"2","en","1110510905","2026-07-02 09:59:58","2026-07-02 10:00:01","Whenever you are ready to start, click on next",,"[]",,"[]",,,"[]",,,"[]",,,"[]",,,"[]",,,"[]",,,"[]",,,"[]",,,,,,"N/A",,"N/A",,"N/A",,"N/A",,"N/A",,"N/A",,"N/A",,"3.46",,"3.46",,,,,,,,,,,,,,,,,,,,,,,,,,,,,,,,,,,,,,,,,
"60",,"13","en","1231428888","2026-07-02 11:28:35","2026-07-02 11:33:37","Whenever you are ready to start, click on next",,"[""AO01"",""AO02"",""AO03""]","I like going uphill and have a view","[""A"",""B"",""C""]","No steep ascent in the end","1","[""C"",""B"",""A""]","Only one river crossing or none at option 1","1","[""A"",""B"",""C""]","Shortest route plus lake ","2","[]",,,"[]",,,"[]",,,"[]",,,"[]",,,,,,"N/A",,"N/A",,"N/A",,"N/A",,"N/A",,"N/A",,"N/A",,"308.24",,"28.06",,,"54.61","21.12",,"47.65","13.59","4.37",,"45.96","26.45","4.88",,"40.72","14.29","6.54",,,,,,,,,,,,,,,,,,,,,,,,,
"61","2026-07-02 11:52:52","32","en","908496286","2026-07-02 11:36:21","2026-07-02 11:52:52","Whenever you are ready to start, click on next",,"[""AO03"",""AO01"",""AO02""]","","[""B"",""A"",""C""]","","2","[""C"",""B"",""A""]","less climb","1","[""A"",""B"",""C""]","less climb","1","[""A"",""B"",""C""]","less climb","2","[""A"",""B"",""C""]","A was the best","1","[""B"",""A"",""C""]","","3","[""B"",""C"",""A""]","","3","[""B"",""C"",""A""]","","2","Over 60","Often (several times per month)","very experienced","Yes","Essential","Yes","phone app","No","","No","","No","","No","","No","","1007.4",,"43",,,"108.79","24.61",,"67.91","11.47","4.97",,"52.17","8.1","9.79",,"31.76","7.89","5.01",,"28.25","10.04","4.01",,"74.77","15.69","4.7",,"35.39","5.19","4.39",,"37.25","5.46","4.12",,"39.85","6.14","6.85",,"11.44","13.28","13.68","311.43"
"62",,"0","en","1350232576","2026-07-02 11:46:48","2026-07-02 11:46:48","Whenever you are ready to start, click on next",,"[]",,"[]",,,"[]",,,"[]",,,"[]",,,"[]",,,"[]",,,"[]",,,"[]",,,,,,"N/A",,"N/A",,"N/A",,"N/A",,"N/A",,"N/A",,"N/A",,"0",,,,,,,,,,,,,,,,,,,,,,,,,,,,,,,,,,,,,,,,,,,
"63","2026-07-02 12:31:37","32","en","334905644","2026-07-02 12:15:14","2026-07-02 12:31:37","Whenever you are ready to start, click on next",,"[""AO03"",""AO01"",""AO02""]","Elevation change and steepness","[""B"",""C"",""A""]","Length of the trail and elevation change","2","[""C"",""A"",""B""]","Length of the route","1","[""B"",""C"",""A""]","Length of the route","2","[""A"",""B"",""C""]","length of the trail and elevation change","2","[""A"",""B"",""C""]","Route B has a long stretch of rockfall danger, but Route C seems quite long and a lot of elevation for late afternoon","3","[""B"",""A"",""C""]","Danger on Route B is only short, whereas Route A is quite a bit longer. C has a long stretch of danger in high elevation","2","[""B"",""C"",""A""]","Don't want to cross high likelihood area, but C is very long","2","[""B"",""A"",""C""]","Length of route vs. likelihood of rockfall","2","18-24","Often (several times per month)","Quite good (I had a lot of GIS courses during my studies). Often use them for planning my hikes","Yes","Maps in Hiking guides","Yes","Komoot","No","","Yes","Length of route, information about possible dangers, difficulty","No","","No","","No","","995.96",,"53.33",,,"60.34","32.61",,"43.05","17.72","4.71",,"33.27","11.26","5.36",,"43","12.65","7.57",,"81.89","18.27","3.29",,"93.84","44.5","5.62",,"43.1","47.09","3.37",,"42.8","39.25","4.69",,"61.03","17.39","4.5",,"13.01","14.1","46.6","86.75"
"64",,"7","en","1160941561","2026-07-02 14:22:40","2026-07-02 14:25:01","Whenever you are ready to start, click on next",,"[]","Not so steep","[]",,,"[]",,,"[]",,,"[""A"",""B"",""C""]","Fastest","1","[]",,,"[]",,,"[]",,,"[]",,,,,,"N/A",,"N/A",,"N/A",,"N/A",,"N/A",,"N/A",,"N/A",,"143.09",,"3.74",,,"61.24","13.29",,,,,,,,,,,,,,"52.32","5.3","7.2",,,,,,,,,,,,,,,,,,,,,
"65","2026-07-03 07:59:30","32","en","521094665","2026-07-03 07:49:13","2026-07-03 07:59:30","Whenever you are ready to start, click on next",,"[""AO03"",""AO02"",""AO01""]","because it's clever","[""B"",""A"",""C""]","because it's clever","1","[""C"",""B"",""A""]","...","1","[""A"",""B"",""C""]","clever","1","[""A"",""B"",""C""]","clever clever","1","[""B"",""A"",""C""]","One or more mandatory questions have not been answered. If possible, please complete them before continuing to the next page.

","1","[""C"",""B"",""A""]","One or more mandatory questions have not been answered. If possible, please complete them before continuing to the next page.

","1","[""A"",""B"",""C""]","One or more mandatory questions have not been answered. If possible, please complete them before continuing to the next page.

","1","[""A"",""B"",""C""]","augen auf, helmi auf","1","41-50","Often (several times per month)","One or more mandatory questions have not been answered. If possible, please complete them before continuing to the next page.

","Yes","","Yes","","No","","Yes","","No","","No","","No","","632.07",,"17.44",,,"67.81","13.95",,"40.17","10.51","7.81",,"24.68","5.27","3.22",,"15.22","4.69","3.63",,"24.34","5.62","4.02",,"91.53","3.53","3.14",,"91.3","9.8","3.47",,"16.75","3.85","4.73",,"75.83","28.08","3.7",,"4.08","12.13","9.21","22.56"
"66",,"2","en","1565306959","2026-07-03 20:25:37","2026-07-03 20:25:39","Whenever you are ready to start, click on next",,"[]",,"[]",,,"[]",,,"[]",,,"[]",,,"[]",,,"[]",,,"[]",,,"[]",,,,,,"N/A",,"N/A",,"N/A",,"N/A",,"N/A",,"N/A",,"N/A",,"2.88",,"2.88",,,,,,,,,,,,,,,,,,,,,,,,,,,,,,,,,,,,,,,,,
"67",,"13","en","170266103","2026-07-04 04:48:41","2026-07-04 04:52:17","Whenever you are ready to start, click on next",,"[""AO03"",""AO01"",""AO02""]","Less elevation gain, despite longer than b. B is less gain and shorter than a","[""B"",""C"",""A""]","Again, least elevation gain","1","[""C"",""A"",""B""]","Least elevation gain and the most direct","1","[""A"",""C"",""B""]","Least elevation gain","1","[]",,,"[]",,,"[]",,,"[]",,,"[]",,,,,,"N/A",,"N/A",,"N/A",,"N/A",,"N/A",,"N/A",,"N/A",,"221.21",,"10.89",,,"31.44","31.46",,"34.14","11.77","5.1",,"31.33","16.85","4.01",,"31.11","9.39","3.72",,,,,,,,,,,,,,,,,,,,,,,,,
"68","2026-07-04 06:07:17","32","en","1049233338","2026-07-04 05:40:41","2026-07-04 06:07:17","Whenever you are ready to start, click on next",,"[""AO01""]","It might be more fun to hike the longer route ","[""B"",""A"",""C""]","Reaching the cabin as fast as possible ","1","[""C"",""A"",""B""]","Shortest distance and altitude ","1","[""A"",""B"",""C""]","Lowest altitude ","2","[""B"",""A"",""C""]","Shortest distance lowest altitude ","1","[""A"",""C"",""B""]","Faster rout with short risk of rockfall","2","[""B"",""A"",""C""]","Don't want to take the route with the long rockfall danger but still don't want to take the longest route. The short rockfall passage might be okay ","2","[""C"",""B"",""A""]","Afraid of rockfall","3","[""B"",""A"",""C""]","Compromise between less altitude and medium risk","3","31-40","Often (several times per month)","I youse it quite often but with the help of risk and slope layers","No","","Yes","Alpenverein aktiv","No","","No","","No","","No","","No","","1614.71",,"46.94",,,"58.93","50.69",,"58.58","20.04","15.08",,"147.79","29.95","3.83",,"49.6","7.4","5.5",,"96.9","38.81","5.78",,"113.93","19.62","6.21",,"70.23","95.91","5.31",,"53.65","12.16","6.64",,"62.57","40.79","14.68",,"27.18","31.22","97.62","321.17"
"69",,"2","en","1382500441","2026-07-04 05:41:32","2026-07-04 05:41:42","Whenever you are ready to start, click on next",,"[]",,"[]",,,"[]",,,"[]",,,"[]",,,"[]",,,"[]",,,"[]",,,"[]",,,,,,"N/A",,"N/A",,"N/A",,"N/A",,"N/A",,"N/A",,"N/A",,"10.58",,"10.58",,,,,,,,,,,,,,,,,,,,,,,,,,,,,,,,,,,,,,,,,
"70",,"4","en","648793410","2026-07-04 09:35:03","2026-07-04 09:37:15","Whenever you are ready to start, click on next",,"[]","Because of the C went always under the peaks. ","[]",,,"[]",,,"[]",,,"[]",,,"[]",,,"[]",,,"[]",,,"[]",,,,,,"N/A",,"N/A",,"N/A",,"N/A",,"N/A",,"N/A",,"N/A",,"133.44",,"45.77",,,"46.52","41.15",,,,,,,,,,,,,,,,,,,,,,,,,,,,,,,,,,,,,
"71",,"3","en","745748244","2026-07-04 12:55:46","2026-07-04 12:58:10","Whenever you are ready to start, click on next",,"[]",,"[]",,,"[]",,,"[]",,,"[]",,,"[]",,,"[]",,,"[]",,,"[]",,,,,,"N/A",,"N/A",,"N/A",,"N/A",,"N/A",,"N/A",,"N/A",,"144.36",,"9.25",,,"135.11",,,,,,,,,,,,,,,,,,,,,,,,,,,,,,,,,,,,,,
"72",,"7","en","1760031518","2026-07-04 17:44:18","2026-07-04 17:47:28","Whenever you are ready to start, click on next",,"[""AO03"",""AO01"",""AO02""]","I hate elevation climbs so I picked the one with least going down and climbing back up.","[]",,,"[""C"",""B"",""A""]","Picked the shortest route to get there by night","2","[]",,,"[]",,,"[]",,,"[]",,,"[]",,,"[]",,,,,,"N/A",,"N/A",,"N/A",,"N/A",,"N/A",,"N/A",,"N/A",,"193.73",,"13.92",,,"114.86","16.49",,,,,,"33.93","8.3","6.23",,,,,,,,,,,,,,,,,,,,,,,,,,,,,
"73",,"4","en","1257332092","2026-07-04 19:25:17","2026-07-04 19:26:57","Whenever you are ready to start, click on next",,"[""AO03"",""AO02"",""AO01""]","","[]",,,"[]",,,"[]",,,"[]",,,"[]",,,"[]",,,"[]",,,"[]",,,,,,"N/A",,"N/A",,"N/A",,"N/A",,"N/A",,"N/A",,"N/A",,"101.43",,"22.16",,,"71.96","7.31",,,,,,,,,,,,,,,,,,,,,,,,,,,,,,,,,,,,,
"74","2026-07-05 13:09:40","32","en","1150446458","2026-07-05 12:38:00","2026-07-05 13:09:40","Whenever you are ready to start, click on next",,"[""AO03"",""AO02"",""AO01""]","(c)  best view , (a) longest way","[""B"",""C"",""A""]","hsortest rout. the longest route seems to go in the forest. Not so exposed to the sun. ","3","[""B"",""C"",""A""]","it depense on the weather (temp). when i it warmer, near the small reaqver it could be more pleasant","2","[""A"",""B"",""C""]","distance & heigth","1","[""B"",""C"",""A""]","shortest way, the seond is not so exposed in the sun","2","[""B"",""C"",""A""]","not knowing how severe the risk is, i will watch out and go very fast through this area and accept the risk","3","[""B"",""A"",""C""]","only one pount,, where is a danger is acceptable. ...","3","[""B"",""C"",""A""]","low risk is acceptable, high risk not ","2","[""B"",""C"",""A""]","low short likelihood is acceptable. high likelihood not .","2","51-60","Very often (weekly or more)","i would give me a (2). I navigate with ""paper""maps and apps also in umaked Terrain","Yes","","Yes","","Yes","","Yes","not only ""offical"" signs, also stone man (""Steinmänchen"" etc ... )","No","","No","","No","","1913.11",,"31.69",,,"127.32","37.73",,"138.51","64.33","14.58",,"119.27","90.05","10.09",,"215.08","23.55","13.06",,"168.39","24.51","16.35",,"82.43","90.87","5.12",,"66.21","27.29","3.25",,"133.86","25.54","3.8",,"59.15","66.34","4.65",,"5.18","20.41","135.84","88.66"
"75",,"2","en","389079717","2026-07-05 13:46:25","2026-07-05 13:46:35","Whenever you are ready to start, click on next",,"[]",,"[]",,,"[]",,,"[]",,,"[]",,,"[]",,,"[]",,,"[]",,,"[]",,,,,,"N/A",,"N/A",,"N/A",,"N/A",,"N/A",,"N/A",,"N/A",,"10.38",,"10.38",,,,,,,,,,,,,,,,,,,,,,,,,,,,,,,,,,,,,,,,,
"76","2026-07-06 09:01:24","32","en","195758795","2026-07-06 08:53:21","2026-07-06 09:01:24","Whenever you are ready to start, click on next",,"[""AO02"",""AO03"",""AO01""]","Due to the different slope","[""B"",""A"",""C""]","Lenght and time","3","[""C"",""B"",""A""]","As before","3","[""A"",""B"",""C""]","As before","3","[""A"",""B"",""C""]","As before","3","[""A"",""C"",""B""]","Avoid taking route B with danger","3","[""A"",""B"",""C""]","As before","3","[""B"",""C"",""A""]","Avoid dangerous situation even if the route was longer","4","[""B"",""C"",""A""]","As before","3","18-24","Rarely (a few times per year)","I’m not so good at using it","No","","Yes","","No","","No","","No","","Yes","Just sometimes ","No","","499.98",,"13.05",,,"55.62","27.99",,"39.8","22.85","9.36",,"29.87","7.63","4.98",,"24.63","5.78","3.74",,"22.1","4.27","3.79",,"24.6","12.94","3.42",,"22.75","5.27","5.89",,"26.74","18.31","3.38",,"33.96","5.38","3.16",,"7.41","11.18","17.43","22.7"
"77","2026-07-06 09:20:08","32","en","555189298","2026-07-06 09:05:40","2026-07-06 09:20:08","Whenever you are ready to start, click on next",,"[""AO03"",""AO02"",""AO01""]","altitude","[""B"",""A"",""C""]","length and altitude","1","[""C"",""B"",""A""]","length and altitude
","1","[""A"",""B"",""C""]","length and altitude","1","[""A"",""B"",""C""]","length and altitude
","1","[""C"",""A"",""B""]","better safe than sorry. since there is no differentiating of risk intensity, I raked the short bit with risk higher than the long bit with risk","3","[""A"",""B"",""C""]","Better safe than sorry. Since there is no differentiation of risk intensity, I chose the short way with punctual risk over the one with a larger risky section of the route","3","[""C"",""B"",""A""]","better safe than sorry","1","[""C"",""B"",""A""]","Better safe than sorry. ","2","31-40","Rarely (a few times per year)","Geographer","No","","Yes","","No","","Yes","","Yes","","No","","No","","880.73",,"53.01",,,"47.99","12.76",,"61.84","25.89","7.72",,"45.27","10.18","2.98",,"90.79","26.25","3.63",,"39.78","12.22","4.03",,"48.19","69.11","4.49",,"31.94","121.84","5.4",,"41.59","9.17","3.46",,"34.55","10.14","3.4",,"4.34","8.17","22.05","18.55"
"78","2026-07-06 10:39:37","32","en","1022377134","2026-07-06 10:18:19","2026-07-06 10:39:37","Whenever you are ready to start, click on next",,"[""AO02"",""AO03"",""AO01""]","Perché era la più breve","[""B"",""A"",""C""]","Perché era il percorso più breve e con il minor dislivello","1","[""C"",""B"",""A""]","Perché ha il minor dislivello","1","[""A"",""B"",""C""]","Perché ha il minor dislivello ","2","[""A"",""C"",""B""]","Perché era la strada più breve e con il minor dislivello","1","[""A"",""B"",""C""]","Perché  abbastanza breve e con rischio moderato","3","[""B"",""C"",""A""]","Perché abbastanza breve e con un rischio  moderato","3","[""B"",""C"",""A""]","Perché il percorso scelto è abbastanza sicuro","4","[""B"",""C"",""A""]","Perché il percorso scelto è abbastanza sicuro e breve","4","18-24","Rarely (a few times per year)","Non ho molta dimesticatezza","No","","No","","Yes","","Yes","","No","","No","","No","","1292.26",,"93.82",,,"73.23","100.29",,"45.49","40.94","10.68",,"38.47","18.34","5.53",,"141.56","25.47","14.07",,"34.55","24.78","9.72",,"91.04","39.92","4.53",,"101.39","53.35","5.98",,"69.02","40.31","5.44",,"54.57","27.51","11.36",,"29.32","17.95","29.44","34.19"
"79","2026-07-06 10:39:28","32","en","1451333986","2026-07-06 10:19:44","2026-07-06 10:39:28","Whenever you are ready to start, click on next",,"[""AO03"",""AO02"",""AO01""]","È il percorso con il minor dislivello ","[""B"",""A"",""C""]","È la via più breve e con il minor dislivello ","1","[""C"",""B"",""A""]","È la via più breve e con il minor dislivello ","1","[""A"",""B"",""C""]","È la via con il minor dislivello ","1","[""A"",""B"",""C""]","È la via più breve e con il minor dislivello ","1","[""A"",""C"",""B""]","È la via con il miglior rapporto lunghezza/pendenza/rischio","2","[""B"",""A"",""C""]","È la via con il miglior rapporto dislivello/lunghezza/rischio ","2","[""B"",""C"",""A""]","È la via con il miglior rapporto dislivello/lunghezza/rischio ","2","[""B"",""C"",""A""]","È la via con migliore rapporto pendenza/difficoltà/rischio ","1","51-60","Rarely (a few times per year)","Ottima e divertente ","Yes","","No","","No","","Yes","","No","","No","","No","","1200.16",,"45.06",,,"143.94","33.68",,"49.3","16.11","6.28",,"109.95","19.98","14.21",,"72.53","15.12","5.71",,"44.97","18.89","9",,"67","33.6","6.47",,"120.5","28.78","6.67",,"68.81","46.15","6.75",,"77.49","40.79","14.14",,"12.36","14.89","19.2","31.83"
"80","2026-07-06 12:53:40","32","en","1340080729","2026-07-06 12:40:50","2026-07-06 12:53:40","Whenever you are ready to start, click on next",,"[""AO02"",""AO03"",""AO01""]","I'm not sure how save route C is, so I decided to take the save routes. ","[""B"",""A"",""C""]","Same as before ","1","[""B"",""C"",""A""]","The same problem as before. I don't know how safe the ridge walk is, how well-secured the path is. Perhaps I'm exhausted and just want to get there quickly without fear. However, if the path were safe, I would choose route C.","1","[""A"",""B"",""C""]","Same ","1","[""A"",""B"",""C""]","I must honestly say all those maps look very similar to me","1","[""A"",""C"",""B""]","Same ","1","[""A"",""B"",""C""]","Same as before ","1","[""B"",""A"",""C""]","Maybe I'm very tired today and I'll take the risk. ","1","[""B"",""C"",""A""]","Depends on the condition, I would talk to other people about the route with high rock fall, but probably I would decide to take one of the other routes. ","1","25-30","Rarely (a few times per year)","Medium ","No","","Yes","","No","","Yes","","No","","No","","No","","786.69",,"26.24",,,"74.7","39.13",,"83.97","6.59","3.66",,"85.88","116.02","6.45",,"23.87","8.74","3.21",,"41.68","16.99","2.22",,"22.94","3.38","3.39",,"20.98","5.01","2.67",,"32.08","14.79","2.84",,"46.33","54.94","4.37",,"4.35","10.71","7.05","11.51"
"81","2026-07-06 16:26:51","32","en","973629472","2026-07-06 15:53:07","2026-07-06 16:26:51","Whenever you are ready to start, click on next",,"[""AO03"",""AO01"",""AO02""]","A lower positive elevation gain entails fewer risks of ascending beneath vertical walls.","[""B"",""C"",""A""]","Route B keeps me at a decent altitude, even though it leaves the climb for the end; Route A involves too much elevation gain, even if the approach to the refuge is downhill; and Route C is too long given the time and my fatigue","3","[""C"",""B"",""A""]","Route C keeps me at a fairly high elevation; Route B goes down first, involves a couple of stream crossings, and then climbs back up, but I don't feel like losing altitude; Route A covers too much distance and involves too many stream crossings.","3","[""A"",""B"",""C""]","Route A has less elevation gain; Route B has a reasonably good ratio of elevation gain to distance; Route C is too long, given that it's late and I'm tired.","3","[""A"",""B"",""C""]","Route A involves less elevation gain, and I’d get it all out of the way at the start while there’s still daylight; Route B has a reasonably good elevation-to-distance ratio, though the climbing is more spread out; Route C is too long—especially since it’s late and I’m tired—and would require an initial climb, a descent, a river crossing, and then a second climb.","3","[""C"",""B"",""A""]","I know it’s late in the afternoon, but I’m missing the weather data: are thunderstorms on the way? Has it already rained? Was the weather nice all day? Without this weather information, I have to factor in the risk of landslides, so I’m choosing Route C, even though it’s longer and involves more elevation gain.","3","[""A"",""B"",""C""]","Once again: without weather data, I have to consider only the risk of landslides, so I’m choosing Route A, even though it’s longer and involves more elevation gain. I’m leaving Route C for last, partly due to fatigue.","3","[""B"",""C"",""A""]","Once again: without weather data, I have to consider only the landslide risk, so I choose Route B because I’m short on time; all in all, however, the dangerous landslide-prone area (the lower section) spans only about 1,000 meters.","3","[""B"",""C"",""A""]","Once again: without weather data, I have to consider only the landslide risk, so I choose Route B because I am short on time; all in all, however, the area with a moderate landslide risk spans only about 200 meters.","3","51-60","Often (several times per month)","I use maps not only for hiking but also to assess the rideability of trails for mountain biking. I think I’m good at gauging elevation changes and gradients, but I’ve never come across maps that highlight landslide-prone areas.","No","","Yes","APPS (STRAVA, KOMOOT, GAIA GPS, GPX VIEWER, TRAILFORKS, GARMIN CONNECT, SUUNTO)","Yes","GARMIN 1030, GARMIN GPSMAP, SPORTDOG TEK 2.0","Yes","","No","","No","","No","","2037.24",,"53.42",,,"125.36","82.88",,"219.44","3.25","2.53",,"86.29","71.99","2.34",,"89.01","89.24","12.15",,"54.45","80.55","3.16",,"262.04","3.54","2.83",,"152.13","3.79","2.88",,"64.33","2.85","3.08",,"126.97","3.81","3.09",,"4.14","13.97","106.18","305.55"
"82","2026-07-06 20:27:36","32","en","486155771","2026-07-06 19:59:43","2026-07-06 20:27:36","Whenever you are ready to start, click on next",,"[""AO02"",""AO01"",""AO03""]","Route C has lowest elevation gain but in spring there would still be snow on the route. Would take l8nger overall, perhaps not possible. Route A has highest elevation gain, going down a south facing mountain (less snow) an up a noth face (risk of snow). Route B is similar but overall shorter.","[""B"",""A"",""C""]","B is shortest and lowest with least elevation, therefore most realistic for late afternoon. Over the mountain would still have snow in spring and would be much harder. C is on the other side of the valley with significant elevation gain. Makes no sense.","1","[""C"",""B"",""A""]","C seems like a scenic route anf also seems logical. B is good if C has too much snow. A makes no sense.","1","[""B"",""A"",""C""]","A seems too difficult for spring conditions. C makes no sense.","1","[""A"",""B"",""C""]","A with the least elevation loss and shortest. Also seems like a scenic route. B goes down to the valley. C makes no sense.","1","[""B"",""A"",""C""]","This seems like a very theoretical danger.","1","[""B"",""C"",""A""]","Just from looking at the map the rockfall signs on the high route don't make much sense.  However, assuming there is rockfall and it is not avoidable, there is still snow on the route in spring, I would guess that it is not hikeable. Therfore choose the lower option.","2","[""B"",""A"",""C""]","As said before","1","[""A"",""B"",""C""]","As said before. On route A it is still possible to avoid rockfall by making a small detour.","1","31-40","Occasionally (monthly)","High","Yes","","Yes","","No","","Yes","","No","","No","","No","","1688.2",,"61.84",,,"88.28","198.4",,"112.93","163.62","13.35",,"91.84","83.39","4.67",,"71.87","31.9","4.63",,"100.75","63.3","7.13",,"55.83","21.22","3.33",,"117.43","129.26","4.12",,"47.02","18.94","7.79",,"58.03","53.36","3.59",,"7.03","16.74","7.6","39.01"
"83","2026-07-07 07:52:04","32","en","1905226222","2026-07-07 07:42:37","2026-07-07 07:52:04","Whenever you are ready to start, click on next",,"[""AO03"",""AO02"",""AO01""]","less elevation
","[""B"",""A"",""C""]","km and elevation
","1","[""C"",""B"",""A""]","elevation and km","1","[""A"",""B"",""C""]","again because of km and elevation
","1","[""A"",""B"",""C""]","km elevation","1","[""C"",""A"",""B""]","c is not much of a difference km and elevation wise and no rockfall
","1","[""B"",""A"",""C""]","rockfall danger is only a short bit for b","3","[""B"",""C"",""A""]","a too dangerous, c way too long, hoping that b would be kinda safe
","2","[""B"",""C"",""A""]","likelihood is low
","2","18-24","Very often (weekly or more)","it’s been good mostly. in less known areas sometimes the routes aren’t that good","No","","Yes","","No","","Yes","","No","","No","","No","","581.05",,"15",,,"54.77","13.06",,"36.37","11.32","5.06",,"26","18.09","3.62",,"30.7","10.89","4.17",,"15.77","11.1","17.08",,"32.82","16.79","16.91",,"32.31","14.63","4.75",,"42.44","18.75","9.36",,"36.43","16.22","4.12",,"4.71","4.5","39.8","13.51"
"84","2026-07-07 08:11:25","32","en","1748038440","2026-07-07 07:52:45","2026-07-07 08:11:25","Whenever you are ready to start, click on next",,"[""AO03"",""AO01"",""AO02""]","C because the inclination is less, Second because the line has more curves and does not use the direct fall line and third at last cause almost no curves and stones can fall in direct line from people above you","[""B"",""A"",""C""]","It is also demotivating to go down and then have to go up again, that's why C is last ","3","[""C"",""B"",""A""]","The least Kms and meters in altitude. Don't know if rockfall is still an important fact to consider. Just from the map I wouldn't know if there's a danger. Need more verbal information ","2","[""A"",""B"",""C""]","I'm alread tired so I take the route with the least Kms and meters in altitude most importantly ","3","[""A"",""B"",""C""]","Again Kms and hms. But also scenery which motivates but maybe not at this late time anymore","2","[""A"",""C"",""B""]","A is short in Kms and rockfall section is short, whereas the other one has a long section which is last option then ","3","[""B"",""C"",""A""]","Kms and hms again and season etc.","3","[""B"",""C"",""A""]","Maybe A also at second position but only if I have gear with me and know the route is not much visited and it is not the season for rockfall","3","[""B"",""C"",""A""]","Very confusing graphic because I don't know if rocks are bigger or smaller on routes ","4","25-30","Often (several times per month)","Mediocre. Leave planning to others who are more familiar with routes and can estimate risk better ","No","","Yes","","No","","Yes","","No","","No","","No","","1135.58",,"41.36",,,"83.57","90.81",,"60.59","31.84","7.1",,"80.51","46.19","5.05",,"56.25","32.52","8.68",,"67.79","37.35","4.91",,"54.63","38.84","7.23",,"33.89","23.23","5.5",,"51.59","54.12","5.56",,"70.87","57.59","4.35",,"6.75","10.53","40.07","16.31"
"85",,"3","en","1080547953","2026-07-07 08:16:34","2026-07-07 08:17:33","Whenever you are ready to start, click on next",,"[""AO02"",""AO03"",""AO01""]",,"[]",,,"[]",,,"[]",,,"[]",,,"[]",,,"[]",,,"[]",,,"[]",,,,,,"N/A",,"N/A",,"N/A",,"N/A",,"N/A",,"N/A",,"N/A",,"59.38",,"3.24",,,"56.14",,,,,,,,,,,,,,,,,,,,,,,,,,,,,,,,,,,,,,
"86",,"2","en","140386491","2026-07-07 09:25:10","2026-07-07 09:25:27","Whenever you are ready to start, click on next",,"[]",,"[]",,,"[]",,,"[]",,,"[]",,,"[]",,,"[]",,,"[]",,,"[]",,,,,,"N/A",,"N/A",,"N/A",,"N/A",,"N/A",,"N/A",,"N/A",,"17.54",,"17.54",,,,,,,,,,,,,,,,,,,,,,,,,,,,,,,,,,,,,,,,,
"87","2026-07-07 09:55:47","32","en","2013531408","2026-07-07 09:25:45","2026-07-07 09:55:47","Whenever you are ready to start, click on next",,"[""AO03"",""AO02"",""AO01""]","route c looks like a panorama-trail on which I would'nt lose much height and could promise beautiful views all around.
route b is the most direct one, but with much height difference.
route a is the longest, but probably the safest one.","[""B"",""C"",""A""]","It's the shortest way to reach the hut. Tomorrow wil be enough time to visit the mountain top, when my energy level is up again.","1","[""C"",""B"",""A""]","Same answer. Shortest route to reach the hut.","1","[""A"",""B"",""C""]","Route A looks like the most beautiful one with the least altitude difference, and there is an opportunity for a short refreshing option at the lake.","1","[""A"",""B"",""C""]","because I imagine to be already pretty tired, so I chose the shortest route with least altitude difference.","1","[""B"",""A"",""C""]","Same answer as in the last question. ","3","[""C"",""B"",""A""]","Same scenario as the last question. I think I would coose route B if I wasn't alone. On my own, I would take the risk.","2","[""A"",""B"",""C""]","Same answer. Because of the time, the motto is 'the shorter the better'.","2","[""A"",""B"",""C""]","If it weren't already so late, I probably would choose route B as my favorite, but in that case, I'd hope for luck and go for the more risky version on route A. I'd try to overcome the risky section as fast as possible.","2","31-40","Often (several times per month)","I always plan my hikes with maps and use them while hiking, so I would think that I'm well experienced.","Yes","","Yes","","No","","Yes","","No","","No","","No","","1814.81",,"39.45",,,"91.61","177.17",,"59.41","91.64","4.64",,"45.02","24.66","4.26",,"52.12","96.43","4.23",,"76.04","118.15","8.73",,"100.33","44.07","5.87",,"66.32","85.99","8.6",,"77.27","137.28","5.17",,"120.79","125.76","5.96",,"13.01","14.21","62.04","48.58"
"88","2026-07-08 08:17:49","32","en","1904291648","2026-07-08 08:00:07","2026-07-08 08:17:49","Whenever you are ready to start, click on next",,"[""AO01""]","To reduce exposition and the consequential risks, I would choose the route A, with no sharp descents.","[""B"",""A"",""C""]","I am tired, I want to reduce the efforts. I choose the shortest trail.","1","[""C"",""B"",""A""]","Like before, I choose the shortest trail.","1","[""A"",""B"",""C""]","Although A is a litlle bit longer, you have to gain less height.","1","[""A"",""B"",""C""]","Same decision as before, i want to minimize efforts","1","[""C"",""A"",""B""]","I choose depending on the risks of fall.","2","[""B"",""A"",""C""]","Since I am tired, i choose B because it is not too risky.","2","[""B"",""C"",""A""]","I want to avoid high risks and long trails.","2","[""B"",""C"",""A""]","Same critreria as before","2","Over 60","Rarely (a few times per year)","I usually don't use maps, I choose eaasy trails.","Yes","","No","","No","","No","","No","","No","","No","","1077.7",,"97.18",,,"101.77","94.79",,"59.97","48.58","9.89",,"44.04","18.85","7.64",,"41.68","48.2","9.27",,"26.92","20.2","5.65",,"68.57","15.47","6.72",,"52.27","33.35","7.24",,"56.46","24.43","7.84",,"52.13","15.06","3.91",,"7.71","17.5","52.99","21.42"
"89","2026-07-08 08:35:25","32","en","868899488","2026-07-08 08:21:44","2026-07-08 08:35:25","Whenever you are ready to start, click on next",,"[""AO03""]","I would choose the one with less meter to be gained, since my age.","[""B"",""A"",""C""]","sAME CRITERIA AS BEFORE","1","[""C"",""B"",""A""]","I want to minimize trhe efforts.","1","[""A"",""B"",""C""]","tHE IS A NATURAL ORDER FOR GAINING METERS","1","[""A"",""B"",""C""]","The is a naturaL CHOICE IN RESPECT OF THE LENBGHT OF THE TRAILS.","1","[""C"",""A"",""B""]","i NEED SAFETY TO REACH THE HUT","2","[""A"",""B"",""C""]","mINIMIZE ROCKFALL DANGER","2","[""B"",""C"",""A""]","b IS A GOOD COMPROMISE BETWEEN RISKS AND LENGTH","2","[""B"",""C"",""A""]","FALL OF STONES AND ALSO LENGHTS SHOULKD BE CONSIDERED IN MY DECISION","2","Over 60","Rarely (a few times per year)","i USE PREFRABLE PAPER MAPS","Yes","","No","","No","","Yes","","No","","No","","No","","838.04",,"8.84",,,"32.48","22.04",,"45.87","11.7","5.92",,"53.89","22.67","10.39",,"68.02","16.45","5.2",,"33.91","27.82","5.12",,"60.72","20.49","4.59",,"106.57","13.91","4.69",,"43.22","43.92","7.43",,"61.21","32.36","12.71",,"6.84","9.57","21.26","18.23"
"90",,"2","en","46868400","2026-07-08 13:02:08","2026-07-08 13:02:17","Whenever you are ready to start, click on next",,"[]",,"[]",,,"[]",,,"[]",,,"[]",,,"[]",,,"[]",,,"[]",,,"[]",,,,,,"N/A",,"N/A",,"N/A",,"N/A",,"N/A",,"N/A",,"N/A",,"9.11",,"9.11",,,,,,,,,,,,,,,,,,,,,,,,,,,,,,,,,,,,,,,,,
"91","2026-07-08 13:16:33","32","en","1587671610","2026-07-08 13:03:23","2026-07-08 13:16:33","Whenever you are ready to start, click on next",,"[""AO03"",""AO02"",""AO01""]","Along the ridge, there's usually the best views. and it was rather short","[""B"",""A"",""C""]","along the mountain, through the valley, just seems like the logical path to me","1","[""B"",""C"",""A""]","take the seemingly easy way through the valley, even if it's not the shortest ","2","[""B"",""A"",""C""]","seems like a good compromise: hopefully not too difficult/risky and not super long ","1","[""A"",""B"",""C""]","from the map, I can't see differences in difficulty/danger, so Id take the shortest","2","[""A"",""C"",""B""]","Honestly I would doubt this map, I can't imagine high rockfall danger in the valley. but anyway I'd take the medium risk because I feel ok with taking a medium amount of risk in the mountains","3","[""B"",""C"",""A""]","B only has one dangerous point and seems like a good compromise to length and danger. and it just seems logical to me to take the path through the valley (the natural structure)","3","[""B"",""C"",""A""]","A seems very dangerous, B is still okay to me","2","[""B"",""C"",""A""]","only medium risk is okay, good compromise ","3","18-24","Often (several times per month)","really good :) Cartography student","Yes","like 50% of the time ","Yes","always ","No","","Yes","always worth to look at them","No","","No","","No","","805.46",,"9.91",,,"18.79","28.74",,"47.72","20.17","2.89",,"45.39","30.63","5.47",,"28.01","28.84","4.16",,"56.95","26.19","3.3",,"39.77","60.81","5.3",,"89.51","59.4","5.99",,"18.67","18.43","4.11",,"54.87","12.79","3.49",,"3.17","7.04","15.34","49.61"
"92",,"4","en","728292590","2026-07-08 14:07:03","2026-07-08 14:08:45","Whenever you are ready to start, click on next",,"[]","","[]",,,"[]",,,"[]",,,"[]",,,"[]",,,"[]",,,"[]",,,"[]",,,,,,"N/A",,"N/A",,"N/A",,"N/A",,"N/A",,"N/A",,"N/A",,"60.55",,"5.1",,,"14.64","8.16",,,,,,,,,,"32.65",,,,,,,,,,,,,,,,,,,,,,,,,,,
"93","2026-07-08 19:43:03","32","en","1269583548","2026-07-08 19:19:46","2026-07-08 19:43:03","Whenever you are ready to start, click on next",,"[""AO03"",""AO02"",""AO01""]","Practice purposes.","[""B"",""A"",""C""]","","3","[""C"",""B"",""A""]","shortest route, probably best view across the valley","2","[""A"",""B"",""C""]","probably best scenery

option c - come on, i have already been hiking all day!","2","[""A"",""B"",""C""]","probably best scenery, shortest route without unnecessary descent into the valley","2","[""A"",""C"",""B""]","","3","[""C"",""B"",""A""]","","3","[""B"",""A"",""C""]","","3","[""B"",""C"",""A""]","","3","41-50","Often (several times per month)","experienced","Yes","","Yes","","No","","Yes","","No","","No","","No","","1407.17",,"90.7",,,"122.6","21.1",,"129.29","10.06","4.78",,"147.69","40.32","11.73",,"104.1","66.15","4.45",,"116.33","160.94","4.65",,"33.07","3.97","3.47",,"70.96","3.81","3.61",,"66.38","4.03","6.03",,"69.89","4.87","5.06",,"17.35","21.48","15.63","42.67"
"94",,"5","en","1471736130","2026-07-09 08:11:22","2026-07-09 08:15:56","Whenever you are ready to start, click on next",,"[""AO03"",""AO02"",""AO01""]","Because route C has lower slope and it's easier to walk","[]",,,"[]",,,"[]",,,"[""A"",""B"",""C""]","",,"[]",,,"[]",,,"[]",,,"[]",,,,,,"N/A",,"N/A",,"N/A",,"N/A",,"N/A",,"N/A",,"N/A",,"244.81",,"7.3",,,"128.01","37.27",,,,,,,,,,,,,,"62.56","9.67",,,,,,,,,,,,,,,,,,,,,,
"95","2026-07-09 12:57:25","32","en","1507005782","2026-07-09 12:46:08","2026-07-09 12:57:25","Whenever you are ready to start, click on next",,"[""AO03"",""AO01"",""AO02""]","staying on the ridge = less elevation + better views + more fun hiking","[""B"",""C"",""A""]","fastest, not going down","1","[""C"",""A"",""B""]","shortest , nicest","1","[""A"",""B"",""C""]","fastest","1","[""A"",""B"",""C""]","fastest, least elevation","1","[""C"",""B"",""A""]","seems unlikely that there is 500m difference between route b and c","3","[""C"",""B"",""A""]","some danger but i would like to be fast at the hut","2","[""B"",""C"",""A""]","reduce danger but not too long","2","[""B"",""A"",""C""]","danger seems too high in route A","2","25-30","Very often (weekly or more)","high","No","","Yes","","No","","Yes","","Yes","","No","","No","","689.88",,"3.52",,,"57.07","23.39",,"45.07","16.53","9.16",,"56.84","8.03","3.46",,"87.3","4.38","8.3",,"48.46","8.2","4",,"76.52","14.81","4.44",,"74.07","8.53","4.06",,"29.78","9.68","3.94",,"38.36","8.36","3.85",,"3.82","7.73","5.17","13.05"
"96",,"2","en","2593499","2026-07-09 13:39:36","2026-07-09 13:39:45","Whenever you are ready to start, click on next",,"[]",,"[]",,,"[]",,,"[]",,,"[]",,,"[]",,,"[]",,,"[]",,,"[]",,,,,,"N/A",,"N/A",,"N/A",,"N/A",,"N/A",,"N/A",,"N/A",,"9.5",,"9.5",,,,,,,,,,,,,,,,,,,,,,,,,,,,,,,,,,,,,,,,,
"97","2026-07-09 14:17:59","32","en","1488509129","2026-07-09 14:01:38","2026-07-09 14:17:59","Whenever you are ready to start, click on next",,"[""AO03"",""AO02"",""AO01""]","I am a hiking guide leading mostly elderly people - less hm is a good thing for their knees. Additionally, I think option C is the least exposed to the sun, so more shade in summer is also preferred.","[""B"",""A"",""C""]","it's late, want to have some time at the hut","1","[""C"",""B"",""A""]","because it's late afternoon
","2","[""A"",""B"",""C""]","because my top option has the least height and also crosses a lake - might be nice in summer","1","[""A"",""B"",""C""]","not much time left, if its late afternoon. ","2","[""A"",""B"",""C""]","Alone i might be able to assess the situation and rush through the dangerous areas, without having to wait for a group
","2","[""A"",""B"",""C""]","with a group, I'd stick to the safer route. Alone, i would probably take option B first","2","[""A"",""B"",""C""]","the terrain doesn't look like rockfall is realistic there - option A has at least only a short part to cross. But with a group of seniors i'd probably would choose option B first.","3","[""B"",""C"",""A""]","If i'd be hiking alone, I'd take the small risk and bring a helmet.
","2","31-40","Very often (weekly or more)","good, but could need some improvements here and there","Yes","","Yes","","No","","Yes","","No","","No","","No","","996.21",,"2.49",,,"161.1","52.16",,"27.3","12.56","3.92",,"36.54","10.5","3.79",,"42.33","26.57","3.3",,"153.83","16.54","6.16",,"57.26","36.44","3.51",,"61.34","27.95","3.85",,"70.78","65.48","3.64",,"28.03","23.45","3.43",,"6.18","5.75","21.44","18.59"
"98",,"0","en","1738325802","2026-07-10 13:00:42","2026-07-10 13:00:42","Whenever you are ready to start, click on next",,"[]",,"[]",,,"[]",,,"[]",,,"[]",,,"[]",,,"[]",,,"[]",,,"[]",,,,,,"N/A",,"N/A",,"N/A",,"N/A",,"N/A",,"N/A",,"N/A",,"0",,,,,,,,,,,,,,,,,,,,,,,,,,,,,,,,,,,,,,,,,,,
"99","2026-07-10 20:01:57","32","en","1471050635","2026-07-10 19:31:25","2026-07-10 20:01:57","Whenever you are ready to start, click on next",,"[""AO03"",""AO02"",""AO01""]","My favourite route looked easiest to me, fairly even rises and I would not have had to cross the creek","[""B"",""C"",""A""]","My favourite route is the least strenuous one, my second choice is for safety, my third choice looks fairly exposed","4","[""C"",""B"",""A""]","It is the shortest route and the one with least altitudinal difference. If I have been walking all day I would not want to climb much more.","3","[""A"",""B"",""C""]","My favourite route would require the least effort. I would not want to take a long route with a lot of climbing if I am getting tired towards the end of the day.","3","[""A"",""B"",""C""]","After a whole day of walking I would always go for the least strenuous route with the least up and down.","3","[""C"",""B"",""A""]","I would rank safety higher than convenience (shorter route, fewer metres up/down) and never take the one with the prolonged risky section.","3","[""A"",""B"",""C""]","Route A looked the gentlest route and the least risky one. Route B has the advantage of being shorter, but it has one risky bit. I would never take the route C with the bigger rockfall risk.","3","[""B"",""C"",""A""]","I would prefer route B over the longest route because tiredness is also a risk and the rockfall risk is fairly slow here. I would not take route A through the high-risk section.","3","[""B"",""C"",""A""]","Route B may be a bit risky in terms of rockfall, but it is shorter than route C. I can rule out route A because it would mean crossing a fairly risky terrain.","4","Over 60","Rarely (a few times per year)","When I am hiking I prefer to go by the signposts, with a printed map for backup. As I no longer go on longer walks at higher altitudes, this works fine for me. If I went on longer hikes at inner-alpine higher altitudes I would hope to have a signal for my mobile to call up a map and my position. I have walked in Australia where there was no signal more often than there was one and in Scotland where this is also an issue sometimes.","Yes","","No","","No","","Yes","","Yes","","No","","No","","1846.87",,"33.58",,,"97","62.23",,"47.81","62.81","4.75",,"58.42","70.46","9.6",,"63.91","116.51","6.92",,"69.08","62.47","5.08",,"65.26","81.21","5.04",,"127.64","115.3","4.75",,"82.38","106.13","6.34",,"101.69","70.11","6.85",,"8.98","10.89","245.75","37.92"
"100","2026-07-10 21:15:37","32","en","1840157955","2026-07-10 21:04:12","2026-07-10 21:15:37","Whenever you are ready to start, click on next",,"[""AO03"",""AO02"",""AO01""]","Fastest route","[""B"",""A"",""C""]","Faster route","1","[""A"",""C"",""B""]","Fastest route","1","[""A"",""B"",""C""]","Fastest route","1","[""A"",""B"",""C""]","Fastest route","1","[""A"",""C"",""B""]","Less rockfall","3","[""B"",""A"",""C""]","Time and Rockfall","3","[""B"",""C"",""A""]","Time and Rockfall","2","[""B"",""A"",""C""]","Time and rockfall","3","31-40","Often (several times per month)","Medium well","No","","Yes","Komoot, Outdooractive","Yes","Suunto Smartwatch","Yes","","No","","No","","No","","699.53",,"43.27",,,"51.82","14.79",,"34.84","8.48","3.61",,"38.01","7.34","5.28",,"43.04","7.05","5.71",,"48.77","6.63","4.7",,"106.19","9.87","6.97",,"32.22","11.28","4.99",,"58.31","6.46","3.1",,"61.12","10.68","6.65",,"6.14","8.52","11.73","31.96"
"101","2026-07-11 08:44:50","32","en","891661061","2026-07-11 08:25:21","2026-07-11 08:44:50","Whenever you are ready to start, click on next",,"[""AO03"",""AO02"",""AO01""]","it seems a smoother way","[""B"",""A"",""C""]","B seems the shorter and safer way","3","[""B"",""C"",""A""]","B  seems the safer way","3","[""A"",""B"",""C""]","B is the more direct way","4","[""B"",""C"",""A""]","it seems the safer way","3","[""A"",""C"",""B""]","C is the safer way","5","[""C"",""B"",""A""]","C is the safer way","5","[""B"",""A"",""C""]","B is shorter and with a low risk","4","[""B"",""C"",""A""]","B is quite sure and shorter","4","51-60","Occasionally (monthly)","Quite good even recently poored by the use of tracking app","Yes","","Yes","","No","","No","","No","","No","","No","","1090.69",,"51.4",,,"57.41","24.31",,"61","30.71","5.39",,"53.54","37.06","3.37",,"130.4","16.92","7.62",,"113.13","30.6","14.09",,"23.76","48.38","7.04",,"44.12","13.56","4.36",,"33.66","15.23","7.36",,"27.25","76.12","4.39",,"31.22","16.92","73.92","26.45"
"102",,"2","en","1966846887","2026-07-13 07:37:14","2026-07-13 07:37:19","Whenever you are ready to start, click on next",,"[]",,"[]",,,"[]",,,"[]",,,"[]",,,"[]",,,"[]",,,"[]",,,"[]",,,,,,"N/A",,"N/A",,"N/A",,"N/A",,"N/A",,"N/A",,"N/A",,"5.16",,"5.16",,,,,,,,,,,,,,,,,,,,,,,,,,,,,,,,,,,,,,,,,
"103",,"3","en","452001153","2026-07-13 07:55:09","2026-07-13 07:56:03","Whenever you are ready to start, click on next",,"[]",,"[]",,,"[]",,,"[]",,,"[]",,,"[]",,,"[]",,,"[]",,,"[]",,,,,,"N/A",,"N/A",,"N/A",,"N/A",,"N/A",,"N/A",,"N/A",,"54.61",,"2.13",,,"52.48",,,,,,,,,,,,,,,,,,,,,,,,,,,,,,,,,,,,,,
"104","2026-07-13 08:08:04","32","en","1201810422","2026-07-13 07:58:48","2026-07-13 08:08:04","Whenever you are ready to start, click on next",,"[""AO03"",""AO02"",""AO01""]","shorter route","[""B"",""A"",""C""]","shorter route
","1","[""A"",""B"",""C""]","shorter route","1","[""A"",""B"",""C""]","shorter route and elevation
","1","[""A"",""B"",""C""]","shorter route","1","[""A"",""C"",""B""]","shorter route and rock fall","1","[""B"",""A"",""C""]","rock fall
","3","[""B"",""C"",""A""]","shorter route and rock fall
","2","[""B"",""A"",""C""]","shorter route and rock fall
","1","25-30","Rarely (a few times per year)","expert","Yes","","Yes","","Yes","","Yes","","Yes","","No","","No","","568.98",,"17.28",,,"96.43","8.12",,"35.07","5.52","7.19",,"33.44","7.02","5.77",,"35.26","11.33","4.53",,"47.37","5.89","11.5",,"36.72","9.14","4.93",,"44.73","5.54","6.39",,"20.26","7.61","7.18",,"27.4","8.07","10.57",,"5.82","6.42","16.27","20.21"
"105",,"0","en","165029740","2026-07-13 08:14:14","2026-07-13 08:14:14","Whenever you are ready to start, click on next",,"[]",,"[]",,,"[]",,,"[]",,,"[]",,,"[]",,,"[]",,,"[]",,,"[]",,,,,,"N/A",,"N/A",,"N/A",,"N/A",,"N/A",,"N/A",,"N/A",,"0",,,,,,,,,,,,,,,,,,,,,,,,,,,,,,,,,,,,,,,,,,,
"106","2026-07-13 08:36:22","32","en","2001955852","2026-07-13 08:20:28","2026-07-13 08:36:22","Whenever you are ready to start, click on next",,"[""AO02"",""AO03"",""AO01""]","It is the shortest route, I don't mind elevation. I like the challenge","[""B"",""A"",""C""]","Since I've been hiking all day, I want to get there as quick as possible. I prefer doing the least distance and elevation as possible.","1","[""C"",""B"",""A""]","I want to stay on the ridge to do less descent and climbing. It's late so i want to get there as quick as possible.","1","[""A"",""B"",""C""]","It's late, I am tired, so I take the path of least resistance. One route is 500m shorter than the other, but it has way more elevations. That's why I chose the route that's 5km long, but has less elevation to cover.","1","[""A"",""C"",""B""]","shortest distance, lowest climb. i'm too tired to do more","1","[""A"",""C"",""B""]","Route B seems to have a rather long stretch of danger. I would prefer not having to walk 1 or more kilometers in a danger zone.","1","[""C"",""B"",""A""]","I trust in the people who maintain the area. If it is too dangerous, the track would be closed off. The danger indication tells me to watch out, not to avoid that area.","2","[""B"",""A"",""C""]","I might risk it. B seems like the better option since it has a lower chance of rockfall. But C is a long way round. The danger zone around A doesn't seem to be too big.
","2","[""B"",""C"",""A""]","I can avoid some risk by doing a little detour. The lower chance of rockfall helps me choose the second route. I still have to be carefull, but the risk is significantly lower.","2","18-24","Occasionally (monthly)","Advanced, since I'm a cartographer :)","No","","Yes","","Yes","","Yes","","No","","No","","No","","967.77",,"31.04",,,"102.35","30.44",,"53.1","32.64","7.2",,"41.1","27.82","5.44",,"38.9","65.15","6.53",,"39.36","17.74","4.62",,"35.38","34.16","4.66",,"55.63","43.74","6.69",,"35.09","50.5","5.16",,"58.54","55.56","7.2",,"5.5","22.06","15.96","28.51"
"107",,"4","en","1216920686","2026-07-13 09:13:41","2026-07-13 09:15:22","Whenever you are ready to start, click on next",,"[""AO03"",""AO01"",""AO02""]","C seems the least intense","[]",,,"[]",,,"[]",,,"[]",,,"[]",,,"[]",,,"[]",,,"[]",,,,,,"N/A",,"N/A",,"N/A",,"N/A",,"N/A",,"N/A",,"N/A",,"102.55",,"5.35",,,"80.92","16.28",,,,,,,,,,,,,,,,,,,,,,,,,,,,,,,,,,,,,
"108","2026-07-13 09:40:23","32","en","668738620","2026-07-13 09:14:15","2026-07-13 09:40:23","Whenever you are ready to start, click on next",,"[""AO01"",""AO03"",""AO02""]","Route A is lest steep, B is easier and C is the hardest one","[""C"",""A"",""B""]","C is less steep and easier to access","3","[""B"",""A"",""C""]","B is less steep easy for a long hike.","3","[""B"",""A"",""C""]","B is easier and less time ","2","[""C"",""B"",""A""]","C is less steep ","2","[""C"",""B"",""A""]","C is less steep and easier","2","[""A"",""C"",""B""]","It doesn’t has warning","2","[""B"",""C"",""A""]","B is more accessible ","3","[""C"",""A"",""B""]","Is less steep ","3","25-30","Occasionally (monthly)","I have quite some experience been working for 4 years making maps","No","","Yes","","Yes","","No","","No","","No","","No","","1583.94",,"11.77",,,"156.63","68.05",,"43.1","149.18","8.18",,"33.8","153.75","10.85",,"29.94","17.69","19.96",,"351.43","9.88","5.4",,"30.72","13.34","9.58",,"93.68","14.31","11.65",,"72.3","10.42","4.37",,"78.77","58.09","4.38",,"26.81","11.64","47.03","27.24"
"109","2026-07-13 09:36:30","32","en","254140740","2026-07-13 09:18:50","2026-07-13 09:36:30","Whenever you are ready to start, click on next",,"[""AO03"",""AO02"",""AO01""]","C looks easiest, B looks most direct, and A seems most difficult  of the 3 options","[""B"",""C"",""A""]","Route B is the shortest/fastest with least walking uphill, so ranked 1. However, Route A looks trickier than Route C (even though it is a bit shorter and has less walking uphill)...so I ranked C before A for those reasons, thinking it might be an easier walk ","2","[""B"",""A"",""C""]","I put C last because it was at a higher altitude than the others, so i thought it might be more difficult (even if shorter/less uphill walking). So i ranked the routes according to ease/speed but also maybe a higher altitude would be more dangerous?","3","[""A"",""B"",""C""]","Route A is a bit longer than B but has less of an incline to walk up; Route B is shorter than Route C and also has less of an incline to walk up. So i ordered them based on ease/speed","1","[""A"",""B"",""C""]","Ranked them based on which were shortest with the least walking uphill/incline","1","[""C"",""A"",""B""]","ranked based on the chances of rockfall (higher chances, lower rank)","1","[""B"",""A"",""C""]","While B has some rockfall risk, it is still shorter than 9km. However, the shortest route which also has the highest risk of rockfall is ranked last because it seems too dangerous even if it is shortest","2","[""B"",""C"",""A""]","Even though there is a low chance of rockfall on B route, it is much shorter than C with no rockfall. However, A route has a high chance of rockfall so even if it is shorter than C, it is ranked lowest because it  seems most dangerous.","1","[""C"",""B"",""A""]","Ranked based on the least likely chances of encountering rockfall, which is worth walking a bit longer since rockfall is dangerous","1","41-50","Rarely (a few times per year)","I am pretty ok reading maps, having taken IB Geography in high school and also using Offline Maps (Google Maps) a lot to navigate. I feel relatively confident in my map-reading skills.","No","","Yes","","No","","Yes","","Yes","not a paid ""guide"", rather just more experienced friends/boyfriend","No","","No","","1074.99",,"258.02",,,"38.87","32.6",,"33.48","55.11","3.74",,"32.2","49.55","4.3",,"35.19","42.31","7.74",,"42.4","21.69","4.36",,"31.14","22.18","4.92",,"39.34","49.78","4.17",,"38.62","53.78","4.84",,"29.65","28.21","3.94",,"6.21","13.71","44.27","38.67"
"110",,"2","en","601270235","2026-07-13 10:52:03","2026-07-13 10:52:07","Whenever you are ready to start, click on next",,"[]",,"[]",,,"[]",,,"[]",,,"[]",,,"[]",,,"[]",,,"[]",,,"[]",,,,,,"N/A",,"N/A",,"N/A",,"N/A",,"N/A",,"N/A",,"N/A",,"4.14",,"4.14",,,,,,,,,,,,,,,,,,,,,,,,,,,,,,,,,,,,,,,,,
"111","2026-07-13 13:59:44","32","en","1893758332","2026-07-13 13:26:43","2026-07-13 13:59:44","Whenever you are ready to start, click on next",,"[""AO03"",""AO02"",""AO01""]","Less elevation. ","[""B"",""C"",""A""]","Less elevation and distance.","1","[""C"",""B"",""A""]","Less distance and elevation, and beautiful view. ","1","[""A"",""B"",""C""]","Less elevantion. ","1","[""A"",""B"",""C""]","Less elevation and distance.","1","[""A"",""C"",""B""]","A is faster than C and less dangerous than B. ","1","[""B"",""A"",""C""]","It is not that long and not that dangerous as A. ","1","[""B"",""C"",""A""]","Because it's less likely to be affected by rockfall in B. ","1","[""B"",""C"",""A""]","The risk at B is less than in A. Also the lenght of the road on a risk zone is less than in A.  ","1","25-30","Occasionally (monthly)","Very insightful","No","","Yes","Komoot","No","","Yes","","No","","No","","No","","1996.38",,"163.49",,,"200.34","15.12",,"76.67","12.73","4.46",,"114.2","45.01","7.88",,"171.49","12.43","29.26",,"322.13","34.37","9.14",,"157.93","49.67","4.76",,"130.15","74.21","3.81",,"125.51","32.88","4.47",,"59.43","53.14","2.97",,"9.26","8.57","21.92","38.98"
"112","2026-07-13 14:03:28","32","en","622133444","2026-07-13 13:31:24","2026-07-13 14:03:28","Whenever you are ready to start, click on next",,"[""AO01"",""AO03"",""AO02""]","A seemed not to be so steep with the serpentines and there were two rivers to cross, so I thought this might be a beautiful way. Also way C seemed not so steep as way B and I don't like it when it is steep :P","[""B"",""A"",""C""]","Similar as before, mostly the length, although way would probably be the cooler way with more beautiful view, when I already hiked the whole day I would pick the shortest, that's why I picked B first","1","[""C"",""B"",""A""]","Mostly the length, but also I think way C seemed to have the best view, also when I arrive at the hut I don't have to go up again as in way B (even though it was just a little but I don't want to go up at the end of the hike). Way A I picked last because it was too long","1","[""A"",""B"",""C""]","Way A seems a bit cooler (again walking a little bit along the ridge which I think is cool) and also way A doesn't have so many heightmeters. The difference in length of A and B therefore doesn't matter too much (as it was not a great difference anyway). Way C was just too long","1","[""A"",""B"",""C""]","Again mostly the length, although I would have picked B (because I like to hike along the ridge) if in the scenario I didn't already hike the whole day. If I already hiked so long I am tired and just pick the shortest route","1","[""A"",""B"",""C""]","Way A seems still like the coolest way with the best view, and the risk path was only short, B doesn't have the good view and is not soo much shorter than way C, and has a long path of the rockfall danger, so I picked C second and B last","1","[""B"",""A"",""C""]","B seems like a good trade of between not so long and little danger, then C has no danger at all and A seemed to dangerous","1","[""B"",""A"",""C""]","C was just too long, so I still took the risk for A and B. Again I think this would be different if I wasn't hiking the whole day already. I think it also depends who I am with, I don't know so much about rockfall, or I would maybe hope that in way A there is a way around the dangerous area","1","[""B"",""C"",""A""]","B seemed the coolest way and the danger period is not so long, I put A last because of the danger period","2","25-30","Rarely (a few times per year)","I mostly don't use maps actually, I prefer to go with somebody else who already knows the way, because I am not so experienced and don't want to get lost","No","","No","","No","","Yes","","Yes","Not a professional guide, just a friend or so","No","","No","","1939.22",,"69.97",,,"66","58.56",,"83.2","43.17","24.07",,"108.47","81.51","7.18",,"103.62","70.77","4.44",,"77.33","68.37","4.9",,"67.28","85.85","4.56",,"357.74","31.39","13.21",,"54.46","100.95","4.72",,"163.86","30.41","8.38",,"6.05","5.54","58.45","74.81"
"113","2026-07-13 15:07:55","32","en","1553852574","2026-07-13 14:52:47","2026-07-13 15:07:55","Whenever you are ready to start, click on next",,"[""AO03"",""AO02"",""AO01""]","I'm expecting more interesting landscape on the ridge while also saving energy","[""B"",""A"",""C""]","Least exhausting","1","[""C"",""B"",""A""]","Least exhausting","1","[""A"",""B"",""C""]","Least exhausting","1","[""A"",""B"",""C""]","Least exhausting","1","[""A"",""B"",""C""]","Aversion to valley + short time spent in rockfall area","2","[""C"",""B"",""A""]","C is least exhausting; prefer B over the shame of taking the baby route","1","[""B"",""A"",""C""]","High likelihood of rockfall while already exhausted; C is still prohibitively long","1","[""A"",""B"",""C""]","Least exhausting","2","31-40","Very often (weekly or more)","Highly experienced","No","","Yes","Openstreetmap fork on gipfelbuch.online; OSMand when offline; satellite images on Google maps and gipfelbuch.online","No","","No","","No","","No","","No","","921.58",,"29.06",,,"50.7","41.05",,"58.53","9.64","4.92",,"28.41","6.97","3.65",,"40.9","9.15","3.01",,"36.89","6.32","2.89",,"52.7","11.83","4.39",,"50","26.19","3.48",,"73.43","44.27","5.44",,"71.73","6.07","3.11",,"8.09","14.07","109.03","105.66"
